player_name,bbref_link,bbref_id,sportsref_id,first_year,last_year
A.J. Hammons,h/hammoaj01,hammoaj01,aj-hammons-1,2017,2017
A.J. Price,p/priceaj01,priceaj01,aj-price-1,2010,2015
Aaron Brooks,b/brookaa01,brookaa01,aaron-brooks-1,2008,2018
Aaron Gordon,g/gordoaa01,gordoaa01,aaron-gordon-1,2015,2019
Aaron Gray,g/grayaa01,grayaa01,aaron-gray-1,2008,2014
Aaron Harrison,h/harriaa01,harriaa01,aaron-harrison-1,2016,2018
Aaron Holiday,h/holidaa01,holidaa01,aaron-holiday-1,2019,2019
Aaron Jackson,j/jacksaa01,jacksaa01,aaron-jackson-1,2018,2018
Aaron McKie,m/mckieaa01,mckieaa01,aaron-mckie-1,2005,2007
Aaron Miles,m/milesaa01,milesaa01,aaron-miles-1,2006,2006
Aaron Williams,w/williaa01,williaa01,aaron-williams-1,2005,2008
Abdel Nader,n/naderab01,naderab01,abdel-nader-1,2018,2019
Acie Law,l/lawac01,lawac01,acie-law-1,2008,2011
Adam Morrison,m/morriad01,morriad01,adam-morrison-1,2007,2010
Adonal Foyle,f/foylead01,foylead01,adonal-foyle-1,2005,2009
Adonis Thomas,t/thomaad01,thomaad01,adonis-thomas-1,2014,2014
Adreian Payne,p/paynead01,paynead01,adreian-payne-1,2015,2018
Adrian Griffin,g/griffad01,griffad01,adrian-griffin-1,2005,2008
Al Harrington,h/harrial01,harrial01,,2005,2014
Al Horford,h/horfoal01,horfoal01,al-horford-1,2008,2019
Al Jefferson,j/jeffeal01,jeffeal01,,2005,2018
Al Thornton,t/thornal01,thornal01,al-thornton-1,2008,2011
Al-Farouq Aminu,a/aminual01,aminual01,al-farouq-aminu-1,2011,2019
Alan Anderson,a/anderal01,anderal01,alan-anderson-1,2006,2017
Alan Henderson,h/hendeal01,hendeal01,alan-henderson-1,2005,2007
Alan Williams,w/willial03,willial03,alan-williams-2,2016,2019
Alando Tucker,t/tuckeal02,tuckeal02,alando-tucker-1,2008,2010
Alec Burks,b/burksal01,burksal01,alec-burks-1,2012,2019
Alec Peters,p/peteral01,peteral01,alec-peters-1,2018,2018
Aleksandar Radojevic,r/radojal01,radojal01,,2005,2005
Alex Abrines,a/abrinal01,abrinal01,alex-abrines-1,2017,2019
Alex Acker,a/ackeral01,ackeral01,alex-acker-1,2006,2009
Alex Caruso,c/carusal01,carusal01,alex-caruso-1,2018,2019
Alex Garcia,g/garcial01,garcial01,,2005,2005
Alex Kirk,k/kirkal01,kirkal01,alex-kirk-2,2015,2015
Alex Len,l/lenal01,lenal01,alex-len-1,2014,2019
Alex Poythress,p/poythal01,poythal01,alex-poythress-1,2017,2019
Alex Scales,s/scaleal01,scaleal01,alex-scales-1,2006,2006
Alex Stepheson,s/stephal01,stephal01,alex-stepheson-1,2016,2016
Alexander Johnson,j/johnsal01,johnsal01,alexander-johnson-1,2007,2008
Alexey Shved,s/shvedal01,shvedal01,,2013,2015
Alexis Ajinca,a/ajincal01,ajincal01,,2009,2017
Alfonzo McKinnie,m/mckinal01,mckinal01,alfonzo-mckinnie-1,2018,2019
Alize Johnson,j/johnsal02,johnsal02,alize-johnson-1,2019,2019
Allan Houston,h/houstal01,houstal01,allan-houston-1,2005,2005
Allan Ray,r/rayal01,rayal01,allan-ray-1,2007,2007
Allen Crabbe,c/crabbal01,crabbal01,allen-crabbe-1,2014,2019
Allen Iverson,i/iversal01,iversal01,allen-iverson-1,2005,2010
Allonzo Trier,t/trieral01,trieral01,allonzo-trier-1,2019,2019
Alonzo Gee,g/geeal01,geeal01,alonzo-gee-1,2010,2017
Alonzo Mourning,m/mournal01,mournal01,alonzo-mourning-1,2005,2008
Alvin Williams,w/willial02,willial02,alvin-williams-1,2006,2007
Amar'e Stoudemire,s/stoudam01,stoudam01,,2005,2016
Amile Jefferson,j/jeffeam01,jeffeam01,amile-jefferson-1,2019,2019
Amir Johnson,j/johnsam01,johnsam01,,2006,2019
Anderson Varejao,v/varejan01,varejan01,,2005,2017
Andray Blatche,b/blatcan01,blatcan01,,2006,2014
Andre Barrett,b/barrean01,barrean01,andre-barrett-1,2005,2008
Andre Brown,b/brownan01,brownan01,andre-brown-1,2007,2009
Andre Dawkins,d/dawkian01,dawkian01,andre-dawkins-1,2015,2015
Andre Drummond,d/drumman01,drumman01,andre-drummond-1,2013,2019
Andre Emmett,e/emmetan01,emmetan01,andre-emmett-1,2005,2012
Andre Iguodala,i/iguodan01,iguodan01,andre-iguodala-1,2005,2019
Andre Ingram,i/ingraan01,ingraan01,andre-ingram-1,2018,2019
Andre Miller,m/millean02,millean02,andre-miller-1,2005,2016
Andre Owens,o/owensan01,owensan01,andre-owens-1,2006,2008
Andre Roberson,r/roberan03,roberan03,andre-roberson-1,2014,2018
Andrea Bargnani,b/bargnan01,bargnan01,,2007,2016
Andreas Glyniadakis,g/glynian01,glynian01,,2007,2007
Andrei Kirilenko,k/kirilan01,kirilan01,,2005,2015
Andres Nocioni,n/nocioan01,nocioan01,,2005,2012
Andrew Bogut,b/bogutan01,bogutan01,andrew-bogut-1,2006,2019
Andrew Bynum,b/bynuman01,bynuman01,,2006,2014
Andrew DeClercq,d/declean01,declean01,andrew-declercq-1,2005,2005
Andrew Goudelock,g/goudean01,goudean01,andrew-goudelock-1,2012,2016
Andrew Harrison,h/harrian01,harrian01,andrew-harrison-1,2017,2019
Andrew Nicholson,n/nichoan01,nichoan01,andrew-nicholson-1,2013,2017
Andrew White,w/whitean01,whitean01,andrew-white-1,2018,2018
Andrew Wiggins,w/wiggian01,wiggian01,andrew-wiggins-1,2015,2019
Andris Biedrins,b/biedran01,biedran01,,2005,2014
Andy Rautins,r/rautian01,rautian01,andy-rautins-1,2011,2011
Anfernee Hardaway,h/hardaan01,hardaan01,anfernee-hardaway-1,2005,2008
Anfernee Simons,s/simonan01,simonan01,,2019,2019
Angel Delgado,d/delgaan01,delgaan01,angel-delgado-1,2019,2019
Ansu Sesay,s/sesayan01,sesayan01,ansu-sesay-1,2005,2005
Antawn Jamison,j/jamisan01,jamisan01,antawn-jamison-1,2005,2014
Ante Zizic,z/zizican01,zizican01,,2018,2019
Anthony Bennett,b/bennean01,bennean01,anthony-bennett-1,2014,2017
Anthony Brown,b/brownan02,brownan02,anthony-brown-5,2016,2018
Anthony Carter,c/cartean01,cartean01,anthony-carter-1,2005,2012
Anthony Davis,d/davisan02,davisan02,anthony-davis-5,2013,2019
Anthony Goldwire,g/goldwan01,goldwan01,anthony-goldwire-1,2005,2006
Anthony Grundy,g/grundan01,grundan01,anthony-grundy-1,2006,2006
Anthony Johnson,j/johnsan02,johnsan02,anthony-johnson-1,2005,2010
Anthony Miller,m/millean01,millean01,anthony-miller-1,2005,2005
Anthony Morrow,m/morroan01,morroan01,anthony-morrow-1,2009,2017
Anthony Parker,p/parkean01,parkean01,anthony-parker-1,2007,2012
Anthony Peeler,p/peelean01,peelean01,anthony-peeler-1,2005,2005
Anthony Randolph,r/randoan01,randoan01,anthony-randolph-1,2009,2014
Anthony Roberson,r/roberan02,roberan02,anthony-roberson-1,2006,2009
Anthony Tolliver,t/tollian01,tollian01,anthony-tolliver-1,2009,2019
Antoine Walker,w/walkean02,walkean02,antoine-walker-1,2005,2008
Antoine Wright,w/wrighan01,wrighan01,antoine-wright-1,2006,2011
Antonio Anderson,a/anderan02,anderan02,antonio-anderson-1,2010,2010
Antonio Blakeney,b/blakean01,blakean01,antonio-blakeney-1,2018,2019
Antonio Burks,b/burksan01,burksan01,antonio-burks-1,2005,2006
Antonio Daniels,d/daniean01,daniean01,antonio-daniels-1,2005,2011
Antonio Davis,d/davisan01,davisan01,antonio-davis-1,2005,2006
Antonio McDyess,m/mcdyean01,mcdyean01,antonio-mcdyess-1,2005,2011
Antonius Cleveland,c/clevean01,clevean01,antonius-cleveland-1,2018,2018
Archie Goodwin,g/goodwar01,goodwar01,archie-goodwin-1,2014,2017
Arinze Onuaku,o/onuakar01,onuakar01,arinze-onuaku-1,2014,2017
Armon Johnson,j/johnsar02,johnsar02,armon-johnson-1,2011,2012
Arnett Moultrie,m/moultar01,moultar01,arnett-moultrie-1,2013,2014
Aron Baynes,b/baynear01,baynear01,aron-baynes-1,2013,2019
Arron Afflalo,a/afflaar01,afflaar01,arron-afflalo-1,2008,2018
Arvydas Macijauskas,m/macijar01,macijar01,,2006,2006
Austin Croshere,c/croshau01,croshau01,austin-croshere-1,2005,2009
Austin Daye,d/dayeau01,dayeau01,austin-daye-1,2010,2015
Austin Rivers,r/riverau01,riverau01,austin-rivers-1,2013,2019
Avery Bradley,b/bradlav01,bradlav01,avery-bradley-1,2011,2019
Awvee Storey,s/storeaw01,storeaw01,awvee-storey-1,2005,2008
Axel Toupane,t/toupaax01,toupaax01,,2016,2017
B.J. Johnson,j/johnsbj01,johnsbj01,bj-johnson-2,2019,2019
Bam Adebayo,a/adebaba01,adebaba01,edrice-adebayo-1,2018,2019
Baron Davis,d/davisba01,davisba01,baron-davis-1,2005,2012
Ben Bentil,b/bentibe01,bentibe01,ben-bentil-1,2017,2017
Ben Gordon,g/gordobe01,gordobe01,ben-gordon-1,2005,2015
Ben Handlogten,h/handlbe01,handlbe01,ben-handlogten-1,2005,2005
Ben Hansbrough,h/hansbbe01,hansbbe01,ben-hansbrough-1,2013,2013
Ben McLemore,m/mclembe01,mclembe01,ben-mclemore-1,2014,2019
Ben Moore,m/moorebe01,moorebe01,ben-moore-1,2018,2018
Ben Simmons,s/simmobe01,simmobe01,ben-simmons-1,2018,2019
Ben Uzoh,u/uzohbe01,uzohbe01,ben-uzoh-1,2011,2012
Ben Wallace,w/wallabe01,wallabe01,,2005,2012
Beno Udrih,u/udrihbe01,udrihbe01,,2005,2017
Bernard James,j/jamesbe01,jamesbe01,bernard-james--1,2013,2015
Bernard Robinson,r/robinbe01,robinbe01,bernard-robinson-1,2005,2007
Billy Garrett,g/garrebi01,garrebi01,billy-garrett-1,2019,2019
Billy Thomas,t/thomabi01,thomabi01,billy-thomas-1,2005,2008
Bismack Biyombo,b/biyombi01,biyombi01,,2012,2019
Blake Ahearn,a/ahearbl01,ahearbl01,blake-ahearn-1,2008,2012
Blake Griffin,g/griffbl01,griffbl01,blake-griffin-1,2011,2019
Bo Outlaw,o/outlabo01,outlabo01,bo-outlaw-1,2005,2008
Bob Sura,s/surabo01,surabo01,bob-sura-1,2005,2005
Boban Marjanovic,m/marjabo01,marjabo01,,2016,2019
Bobby Brown,b/brownbo02,brownbo02,bobby-brown-1,2009,2018
Bobby Jackson,j/jacksbo01,jacksbo01,bobby-jackson-1,2005,2009
Bobby Jones,j/jonesbo02,jonesbo02,bobby-jones-2,2007,2008
Bobby Portis,p/portibo01,portibo01,bobby-portis-1,2016,2019
Bobby Simmons,s/simmobo01,simmobo01,bobby-simmons-1,2005,2012
Bogdan Bogdanovic,b/bogdabo01,bogdabo01,,2018,2019
Bojan Bogdanovic,b/bogdabo02,bogdabo02,,2015,2019
Boniface N'Dong,n/ndongbo01,ndongbo01,,2006,2006
Bonzi Wells,w/wellsbo01,wellsbo01,bonzi-wells-1,2005,2008
Bonzie Colson,c/colsobo01,colsobo01,bonzie-colson-1,2019,2019
Boris Diaw,d/diawbo01,diawbo01,,2005,2017
Bostjan Nachbar,n/nachbbo01,nachbbo01,,2005,2008
Bracey Wright,w/wrighbr02,wrighbr02,bracey-wright-1,2006,2007
Brad Miller,m/millebr01,millebr01,brad-miller-1,2005,2012
Brad Wanamaker,w/wanambr01,wanambr01,brad-wanamaker-1,2019,2019
Bradley Beal,b/bealbr01,bealbr01,bradley-beal-1,2013,2019
Brandan Wright,w/wrighbr03,wrighbr03,brandan-wright-1,2008,2018
Branden Dawson,d/dawsobr01,dawsobr01,branden-dawson-1,2016,2016
Brandin Knight,k/knighbr02,knighbr02,brandin-knight-1,2005,2005
Brandon Bass,b/bassbr01,bassbr01,brandon-bass-1,2006,2017
Brandon Davies,d/daviebr01,daviebr01,brandon-davies-1,2014,2015
Brandon Goodwin,g/goodwbr01,goodwbr01,brandon-goodwin-1,2019,2019
Brandon Hunter,h/huntebr01,huntebr01,brandon-hunter-1,2005,2005
Brandon Ingram,i/ingrabr01,ingrabr01,brandon-ingram-1,2017,2019
Brandon Jennings,j/jennibr01,jennibr01,,2010,2018
Brandon Knight,k/knighbr03,knighbr03,brandon-knight-1,2012,2019
Brandon Paul,p/paulbr01,paulbr01,brandon-paul-1,2018,2018
Brandon Roy,r/roybr01,roybr01,brandon-roy-1,2007,2013
Brandon Rush,r/rushbr01,rushbr01,brandon-rush-1,2009,2017
Brandon Sampson,s/sampsbr01,sampsbr01,brandon-sampson-1,2019,2019
Brendan Haywood,h/haywobr01,haywobr01,brendan-haywood-1,2005,2015
Brent Barry,b/barrybr01,barrybr01,brent-barry-1,2005,2009
Brevin Knight,k/knighbr01,knighbr01,brevin-knight-1,2005,2009
Brian Cardinal,c/cardibr01,cardibr01,brian-cardinal-1,2005,2012
Brian Cook,c/cookbr01,cookbr01,brian-cook-1,2005,2012
Brian Grant,g/grantbr01,grantbr01,brian-grant-1,2005,2006
Brian Roberts,r/roberbr01,roberbr01,brian-roberts-1,2013,2017
Brian Scalabrine,s/scalabr01,scalabr01,brian-scalabrine-1,2005,2012
Brian Skinner,s/skinnbr01,skinnbr01,brian-skinner-1,2005,2012
Briante Weber,w/weberbr01,weberbr01,briante-weber-1,2016,2018
Brice Johnson,j/johnsbr02,johnsbr02,brice-johnson-1,2017,2018
Britton Johnsen,j/johnsbr01,johnsbr01,britton-johnsen-1,2005,2005
Brook Lopez,l/lopezbr01,lopezbr01,brook-lopez-1,2009,2019
Bruce Bowen,b/bowenbr01,bowenbr01,bruce-bowen-1,2005,2009
Bruce Brown,b/brownbr01,brownbr01,bruce-brown-2,2019,2019
Bruno Caboclo,c/cabocbr01,cabocbr01,,2015,2019
Bruno Sundov,s/sundobr01,sundobr01,,2005,2005
Bryce Cotton,c/cottobr01,cottobr01,bryce-cotton-1,2015,2016
Bryce Dejean-Jones,d/dejeabr01,dejeabr01,bryce-jones-1,2016,2016
Bryn Forbes,f/forbebr01,forbebr01,bryn-forbes-1,2017,2019
Bryon Russell,r/russebr01,russebr01,bryon-russell-1,2005,2006
Buddy Hield,h/hieldbu01,hieldbu01,buddy-hield-1,2017,2019
Byron Mullens,m/mulleby01,mulleby01,bj-mullens-1,2010,2014
C.J. Miles,m/milescj01,milescj01,,2006,2019
C.J. Watson,w/watsocj01,watsocj01,cj-watson-1,2008,2017
C.J. Wilcox,w/wilcocj01,wilcocj01,cj-wilcox-1,2015,2017
C.J. Williams,w/willicj01,willicj01,cj-williams-2,2018,2019
Calbert Cheaney,c/cheanca01,cheanca01,calbert-cheaney-1,2005,2006
Caleb Swanigan,s/swanica01,swanica01,caleb-swanigan-1,2018,2019
Calvin Booth,b/boothca01,boothca01,calvin-booth-1,2005,2009
Cameron Bairstow,b/bairsca01,bairsca01,cameron-bairstow-1,2015,2016
Cameron Payne,p/payneca01,payneca01,cameron-payne-1,2016,2019
Cameron Reynolds,r/reynoca01,reynoca01,cameron-reynolds-1,2019,2019
Caris LeVert,l/leverca01,leverca01,caris-levert-1,2017,2019
Carl Landry,l/landrca01,landrca01,carl-landry-1,2008,2016
Carldell Johnson,j/johnsca01,johnsca01,carldell-johnson-1,2012,2012
Carlos Arroyo,a/arroyca01,arroyca01,carlos-arroyo-1,2005,2011
Carlos Boozer,b/boozeca01,boozeca01,carlos-boozer-1,2005,2015
Carlos Delfino,d/delfica01,delfica01,,2005,2013
Carmelo Anthony,a/anthoca01,anthoca01,carmelo-anthony-1,2005,2019
Caron Butler,b/butleca01,butleca01,caron-butler-1,2005,2016
Carrick Felix,f/felixca01,felixca01,carrick-felix-1,2014,2014
Cartier Martin,m/martica01,martica01,cartier-martin-1,2009,2015
Casey Jacobsen,j/jacobca01,jacobca01,casey-jacobsen-1,2005,2008
Casper Ware,w/wareca01,wareca01,casper-ware-1,2014,2014
Cedi Osman,o/osmande01,osmande01,,2018,2019
Cedric Bozeman,b/bozemce01,bozemce01,cedric-bozeman-1,2007,2007
Cedric Jackson,j/jacksce01,jacksce01,cedric-jackson-1,2010,2010
Cedric Simmons,s/simmoce01,simmoce01,cedric-simmons-1,2007,2009
Chandler Hutchison,h/hutchch01,hutchch01,chandler-hutchison-1,2019,2019
Chandler Parsons,p/parsoch01,parsoch01,chandler-parsons-1,2012,2019
Channing Frye,f/fryech01,fryech01,channing-frye-1,2006,2019
Charles Cooke,c/cookech01,cookech01,charles-cooke-1,2018,2018
Charles Jenkins,j/jenkich01,jenkich01,charles-jenkins-1,2012,2013
Charles Smith,s/smithch04,smithch04,charles-smith-3,2006,2006
Charlie Bell,b/bellch01,bellch01,charlie-bell-1,2006,2011
Charlie Villanueva,v/villach01,villach01,charlie-villanueva-1,2006,2016
Charlie Ward,w/wardch01,wardch01,charlie-ward-1,2005,2005
Chase Budinger,b/budinch01,budinch01,chase-budinger-1,2010,2016
Chasson Randle,r/randlch01,randlch01,chasson-randle-1,2017,2019
Chauncey Billups,b/billuch01,billuch01,chauncey-billups-1,2005,2014
Cheick Diallo,d/diallch01,diallch01,cheick-diallo-1,2017,2019
Cheikh Samb,s/sambch01,sambch01,,2008,2009
Chimezie Metu,m/metuch01,metuch01,chimezie-metu-1,2019,2019
Chinanu Onuaku,o/onuakch01,onuakch01,chinanu-onuaku-1,2017,2018
Chris Andersen,a/anderch01,anderch01,,2005,2017
Chris Babb,b/babbch01,babbch01,chris-babb-1,2014,2014
Chris Bosh,b/boshch01,boshch01,chris-bosh-1,2005,2016
Chris Boucher,b/bouchch01,bouchch01,chris-boucher-1,2018,2019
Chris Chiozza,c/chiozch01,chiozch01,chris-chiozza-1,2019,2019
Chris Copeland,c/copelch01,copelch01,chris-copeland-1,2013,2016
Chris Douglas-Roberts,d/douglch01,douglch01,chris-douglas-roberts-1,2009,2015
Chris Duhon,d/duhonch01,duhonch01,chris-duhon-1,2005,2013
Chris Hunter,h/huntech01,huntech01,chris-hunter-1,2010,2010
Chris Johnson,j/johnsch03,johnsch03,chris-johnson-2,2011,2013
Chris Johnson,j/johnsch04,johnsch04,chris-johnson-1,2013,2016
Chris Kaman,k/kamanch01,kamanch01,chris-kaman-1,2005,2016
Chris McCray,m/mccrach01,mccrach01,chris-mccray-1,2007,2007
Chris McCullough,m/mcculch01,mcculch01,chris-mccullough-1,2016,2018
Chris Mihm,m/mihmch01,mihmch01,chris-mihm-1,2005,2009
Chris Paul,p/paulch01,paulch01,chris-paul-1,2006,2019
Chris Quinn,q/quinnch01,quinnch01,chris-quinn-1,2007,2013
Chris Richard,r/richach01,richach01,chris-richard-1,2008,2010
Chris Singleton,s/singlch01,singlch01,chris-singleton-1,2012,2014
Chris Smith,s/smithch05,smithch05,chris-smith-4,2014,2014
Chris Taft,t/taftch01,taftch01,chris-taft-1,2006,2006
Chris Webber,w/webbech01,webbech01,chris-webber-1,2005,2008
Chris Wilcox,w/wilcoch01,wilcoch01,chris-wilcox-1,2005,2013
Chris Wright,w/wrighch01,wrighch01,chris-wright-1,2012,2014
Chris Wright,w/wrighch02,wrighch02,chris-wright-2,2013,2013
Christian Eyenga,e/eyengch01,eyengch01,,2011,2012
Christian Laettner,l/laettch01,laettch01,christian-laettner-1,2005,2005
Christian Wood,w/woodch01,woodch01,christian-wood-1,2016,2019
Chuck Hayes,h/hayesch01,hayesch01,chuck-hayes-1,2006,2016
Chucky Atkins,a/atkinch01,atkinch01,chucky-atkins-1,2005,2010
CJ McCollum,m/mccolcj01,mccolcj01,cj-mccollum-1,2014,2019
Clarence Weatherspoon,w/weathcl01,weathcl01,clarence-weatherspoon-1,2005,2005
Cleanthony Early,e/earlycl01,earlycl01,cleanthony-early-1,2015,2016
Cliff Alexander,a/alexacl01,alexacl01,cliff-alexander-1,2016,2016
Clifford Robinson,r/robincl02,robincl02,clifford-robinson-1,2005,2007
Clint Capela,c/capelca01,capelca01,,2015,2019
Coby Karl,k/karlco01,karlco01,coby-karl-1,2008,2010
Cody Zeller,z/zelleco01,zelleco01,cody-zeller-1,2014,2019
Cole Aldrich,a/aldrico01,aldrico01,cole-aldrich-1,2011,2018
Collin Sexton,s/sextoco01,sextoco01,collin-sexton-1,2019,2019
Corey Brewer,b/breweco01,breweco01,corey-brewer-1,2008,2019
Corey Maggette,m/maggeco01,maggeco01,corey-maggette-1,2005,2013
Corliss Williamson,w/willico02,willico02,corliss-williamson-1,2005,2007
Corsley Edwards,e/edwarco01,edwarco01,corsley-edwards-1,2005,2005
Cory Alexander,a/alexaco01,alexaco01,cory-alexander-1,2005,2005
Cory Higgins,h/higgico01,higgico01,cory-higgins-1,2012,2013
Cory Jefferson,j/jeffeco01,jeffeco01,cory-jefferson-1,2015,2016
Cory Joseph,j/josepco01,josepco01,cory-joseph-1,2012,2019
Coty Clarke,c/clarkco01,clarkco01,coty-clarke-1,2016,2016
Courtney Fortson,f/fortsco01,fortsco01,courtney-fortson-1,2012,2012
Courtney Lee,l/leeco01,leeco01,courtney-lee-1,2009,2019
Courtney Sims,s/simsco01,simsco01,courtney-sims-1,2008,2009
Craig Brackins,b/brackcr01,brackcr01,craig-brackins-1,2011,2012
Craig Smith,s/smithcr01,smithcr01,craig-smith-1,2007,2012
Cristiano Felicio,f/feliccr01,feliccr01,,2016,2019
Curtis Borchardt,b/borchcu01,borchcu01,curtis-borchardt-1,2005,2005
Cuttino Mobley,m/moblecu01,moblecu01,cuttino-mobley-1,2005,2009
D.J. Augustin,a/augusdj01,augusdj01,dj-augustin-1,2009,2019
D.J. Kennedy,k/kennedj01,kennedj01,dj-kennedy-1,2012,2012
D.J. Stephens,s/stephdj01,stephdj01,dj-stephens-1,2014,2019
D.J. Strawberry,s/strawdj01,strawdj01,dj-strawberry-1,2008,2008
D.J. White,w/whitedj01,whitedj01,dj-white-1,2009,2014
D.J. Wilson,w/wilsodj01,wilsodj01,dj-wilson-1,2018,2019
D'Angelo Russell,r/russeda01,russeda01,dangelo-russell-1,2016,2019
Daequan Cook,c/cookda02,cookda02,daequan-cook-1,2008,2013
Dahntay Jones,j/jonesda02,jonesda02,dahntay-jones-1,2005,2017
Dairis Bertans,b/bertada02,bertada02,,2019,2019
DaJuan Summers,s/summeda01,summeda01,dajuan-summers-1,2010,2013
Dajuan Wagner,w/wagneda02,wagneda02,dajuan-wagner-1,2005,2007
Dakari Johnson,j/johnsda04,johnsda04,dakari-johnson-1,2018,2018
Dale Davis,d/davisda01,davisda01,dale-davis-1,2005,2007
Damian Jones,j/jonesda03,jonesda03,damian-jones-1,2017,2019
Damian Lillard,l/lillada01,lillada01,damian-lillard-1,2013,2019
Damien Inglis,i/inglida01,inglida01,,2016,2016
Damien Wilkins,w/wilkida02,wilkida02,damien-wilkins-1,2005,2018
Damion James,j/jamesda01,jamesda01,damion-james-1,2011,2014
Damion Lee,l/leeda03,leeda03,damion-lee-1,2018,2019
Damir Markota,m/markoda01,markoda01,,2007,2007
Damjan Rudez,r/rudezda01,rudezda01,damjan-rudez-1,2015,2017
Damon Jones,j/jonesda01,jonesda01,damon-jones-1,2005,2009
Damon Stoudamire,s/stoudda01,stoudda01,damon-stoudamire-1,2005,2008
Damone Brown,b/brownda02,brownda02,damone-brown-1,2005,2005
Damyean Dotson,d/dotsoda01,dotsoda01,damyean-dotson-1,2018,2019
Dan Dickau,d/dickada01,dickada01,dan-dickau-1,2005,2008
Dan Gadzuric,g/gadzuda01,gadzuda01,dan-gadzuric-1,2005,2012
Daniel Ewing,e/ewingda01,ewingda01,daniel-ewing-1,2006,2007
Daniel Gibson,g/gibsoda01,gibsoda01,daniel-gibson-1,2007,2013
Daniel Hamilton,h/hamilda02,hamilda02,daniel-hamilton-1,2018,2019
Daniel Ochefu,o/ochefda01,ochefda01,daniel-ochefu-1,2017,2017
Daniel Orton,o/ortonda01,ortonda01,daniel-orton-1,2012,2014
Daniel Santiago,s/santida01,santida01,daniel-santiago-1,2005,2005
Daniel Theis,t/theisda01,theisda01,,2018,2019
Danilo Gallinari,g/gallida01,gallida01,,2009,2019
Danny Fortson,f/fortsda01,fortsda01,danny-fortson-1,2005,2007
Danny Granger,g/grangda01,grangda01,danny-granger-1,2006,2015
Danny Green,g/greenda02,greenda02,danny-green-1,2010,2019
Dante Cunningham,c/cunnida01,cunnida01,dante-cunningham-1,2010,2019
Dante Exum,e/exumda01,exumda01,,2015,2019
Danuel House,h/houseda01,houseda01,danuel-house-1,2017,2019
Darington Hobson,h/hobsoda01,hobsoda01,darington-hobson-1,2012,2012
Dario Saric,s/saricda01,saricda01,,2017,2019
Darius Johnson-Odom,j/johnsda03,johnsda03,darius-johnson-odom-1,2013,2014
Darius Miles,m/milesda01,milesda01,,2005,2009
Darius Miller,m/milleda01,milleda01,darius-miller-1,2013,2019
Darius Morris,m/morrida01,morrida01,darius-morris-1,2012,2015
Darius Songaila,s/songada01,songada01,darius-songaila-1,2005,2011
Darius Washington,w/washida01,washida01,darius-washington-1,2008,2008
Darko Milicic,m/milicda01,milicda01,,2005,2013
Darnell Jackson,j/jacksda01,jacksda01,darnell-jackson-1,2009,2011
Darrell Armstrong,a/armstda01,armstda01,,2005,2008
Darrell Arthur,a/arthuda01,arthuda01,darrell-arthur-1,2009,2018
Darren Collison,c/collida01,collida01,darren-collison-1,2010,2019
Darrick Martin,m/martida01,martida01,darrick-martin-1,2005,2008
Darrun Hilliard,h/hillida01,hillida01,darrun-hilliard-1,2016,2018
Darryl Watkins,w/watkida01,watkida01,darryl-watkins-1,2008,2012
Darvin Ham,h/hamda01,hamda01,darvin-ham-1,2005,2005
Daryl Macon,m/maconda01,maconda01,daryl-macon-1,2019,2019
David Andersen,a/anderda03,anderda03,,2010,2011
David Harrison,h/harrida01,harrida01,david-harrison-1,2005,2008
David Lee,l/leeda02,leeda02,david-lee-1,2006,2017
David Noel,n/noelda01,noelda01,david-noel-1,2007,2007
David Nwaba,n/nwabada01,nwabada01,david-nwaba-1,2017,2019
David Stockton,s/stockda01,stockda01,david-stockton-1,2015,2018
David Wear,w/wearda01,wearda01,david-wear-1,2015,2015
David Wesley,w/wesleda01,wesleda01,david-wesley-1,2005,2007
David West,w/westda01,westda01,david-west-1,2005,2018
Davis Bertans,b/bertada01,bertada01,,2017,2019
Davon Reed,r/reedda01,reedda01,davon-reed-1,2018,2019
De'Aaron Fox,f/foxde01,foxde01,deaaron-fox-1,2018,2019
De'Anthony Melton,m/meltode01,meltode01,deanthony-melton-1,2019,2019
Deandre Ayton,a/aytonde01,aytonde01,deandre-ayton-1,2019,2019
DeAndre Jordan,j/jordade01,jordade01,deandre-jordan-1,2009,2019
DeAndre Liggins,l/liggide01,liggide01,deandre-liggins-1,2012,2018
DeAndre' Bembry,b/bembrde01,bembrde01,deandre-bembry-1,2017,2019
Dee Brown,b/brownde03,brownde03,dee-brown-2,2007,2009
Dejounte Murray,m/murrade01,murrade01,dejounte-murray-1,2017,2018
DeJuan Blair,b/blairde01,blairde01,dejuan-blair-1,2010,2016
Delon Wright,w/wrighde01,wrighde01,delon-wright-1,2016,2019
Delonte West,w/westde01,westde01,delonte-west-1,2005,2012
DeMar DeRozan,d/derozde01,derozde01,demar-derozan-1,2010,2019
DeMarcus Cousins,c/couside01,couside01,demarcus-cousins-1,2011,2019
DeMarcus Nelson,n/nelsode01,nelsode01,demarcus-nelson-1,2009,2009
DeMarre Carroll,c/carrode01,carrode01,demarre-carroll-1,2010,2019
Demetris Nichols,n/nichode01,nichode01,demetris-nichols-1,2008,2009
Demetrius Jackson,j/jacksde01,jacksde01,demetrius-jackson-2,2017,2019
Deng Adel,a/adelde01,adelde01,deng-adel-1,2019,2019
Deng Gai,g/gaide01,gaide01,deng-gai-1,2006,2006
Dennis Horner,h/hornede01,hornede01,dennis-horner-1,2012,2012
Dennis Schroder,s/schrode01,schrode01,,2014,2019
Dennis Smith,s/smithde03,smithde03,dennis-smithjr-1,2018,2019
Denzel Valentine,v/valende01,valende01,denzel-valentine-1,2017,2018
Deonte Burton,b/burtode02,burtode02,deonte-burton-2,2019,2019
DeQuan Jones,j/jonesde01,jonesde01,dequan-jones-1,2013,2013
Derek Anderson,a/anderde01,anderde01,derek-anderson-1,2005,2008
Derek Fisher,f/fishede01,fishede01,derek-fisher-1,2005,2014
DerMarr Johnson,j/johnsde03,johnsde03,dermarr-johnson-1,2005,2008
Deron Williams,w/willide01,willide01,deron-williams-1,2006,2017
Derrick Brown,b/brownde04,brownde04,derrick-brown-1,2010,2012
Derrick Byars,b/byarsde01,byarsde01,derrick-byars-1,2012,2012
Derrick Caracter,c/caracde01,caracde01,derrick-caracter-1,2011,2011
Derrick Coleman,c/colemde01,colemde01,derrick-coleman-1,2005,2005
Derrick Favors,f/favorde01,favorde01,derrick-favors-1,2011,2019
Derrick Jones,j/jonesde02,jonesde02,derrick-jonesjr-1,2017,2019
Derrick Rose,r/rosede01,rosede01,derrick-rose-1,2009,2019
Derrick Walton,w/waltode01,waltode01,derrick-walton-1,2018,2018
Derrick White,w/whitede01,whitede01,derrick-white-1,2018,2019
Derrick Williams,w/willide02,willide02,derrick-williams-2,2012,2018
Derrick Zimmerman,z/zimmede01,zimmede01,derrick-zimmerman-1,2006,2006
DeSagana Diop,d/diopde01,diopde01,,2005,2013
DeShawn Stevenson,s/stevede01,stevede01,,2005,2013
Desmon Farmer,f/farmede01,farmede01,desmon-farmer-1,2007,2009
Desmond Mason,m/masonde01,masonde01,desmond-mason-1,2005,2010
DeVaughn Akoon-Purcell,a/akoonde01,akoonde01,devaughn-akoon-purcell-1,2019,2019
Devean George,g/georgde01,georgde01,,2005,2010
Devin Booker,b/bookede01,bookede01,devin-booker-2,2016,2019
Devin Brown,b/brownde02,brownde02,devin-brown-1,2005,2010
Devin Ebanks,e/ebankde01,ebankde01,devin-ebanks-1,2011,2013
Devin Green,g/greende01,greende01,devin-green-1,2006,2006
Devin Harris,h/harride01,harride01,devin-harris-1,2005,2019
Devin Robinson,r/robinde01,robinde01,devin-robinson-1,2018,2019
Devonte' Graham,g/grahade01,grahade01,devonte-graham-1,2019,2019
Devyn Marble,m/marblde01,marblde01,roy-devyn-marble-1,2015,2016
Dewayne Dedmon,d/dedmode01,dedmode01,dewayne-dedmon-1,2014,2019
Dexter Pittman,p/pittmde01,pittmde01,dexter-pittman-1,2011,2014
Deyonta Davis,d/davisde01,davisde01,deyonta-davis-1,2017,2019
Diamond Stone,s/stonedi01,stonedi01,diamond-stone-1,2017,2017
Diante Garrett,g/garredi02,garredi02,diante-garrett-1,2013,2014
Didier Ilunga-Mbenga,m/mbengdj01,mbengdj01,,2005,2011
Dijon Thompson,t/thompdi01,thompdi01,dijon-thompson-1,2006,2007
Dikembe Mutombo,m/mutomdi01,mutomdi01,dikembe-mutombo-1,2005,2009
Dillon Brooks,b/brookdi01,brookdi01,dillon-brooks-1,2018,2019
Dion Glover,g/glovedi01,glovedi01,dion-glover-1,2005,2005
Dion Waiters,w/waitedi01,waitedi01,dion-waiters-1,2013,2019
Dionte Christmas,c/chrisdi01,chrisdi01,dionte-christmas-1,2014,2014
Dirk Nowitzki,n/nowitdi01,nowitdi01,,2005,2019
Domantas Sabonis,s/sabondo01,sabondo01,domantas-sabonis-1,2017,2019
Dominic McGuire,m/mcguido01,mcguido01,dominic-mcguire-1,2008,2013
Dominique Jones,j/jonesdo02,jonesdo02,dominique-jones-1,2011,2013
Donald Sloan,s/sloando01,sloando01,donald-sloan-1,2012,2016
Donatas Motiejunas,m/motiedo01,motiedo01,,2013,2019
Donell Taylor,t/taylodo01,taylodo01,donell-taylor-1,2006,2007
Donnell Harvey,h/harvedo01,harvedo01,donnell-harvey-1,2005,2005
Donovan Mitchell,m/mitchdo01,mitchdo01,donovan-mitchell-1,2018,2019
Donta Smith,s/smithdo04,smithdo04,,2005,2006
Donte DiVincenzo,d/divindo01,divindo01,donte-divincenzo-1,2019,2019
Donte Grantham,g/grantdo01,grantdo01,donte-grantham-1,2019,2019
Donte Greene,g/greendo01,greendo01,donte-greene-1,2009,2012
Dontell Jefferson,j/jeffedo01,jeffedo01,dontell-jefferson-1,2009,2009
Donyell Marshall,m/marshdo01,marshdo01,donyell-marshall-1,2005,2009
Dorell Wright,w/wrighdo01,wrighdo01,,2005,2015
Dorian Finney-Smith,f/finnedo01,finnedo01,dorian-finney-smith-1,2017,2019
Doron Lamb,l/lambdo01,lambdo01,doron-lamb-1,2013,2014
Doug Christie,c/chrisdo01,chrisdo01,doug-christie-1,2005,2007
Doug McDermott,m/mcderdo01,mcderdo01,doug-mcdermott-1,2015,2019
Dragan Bender,b/bendedr01,bendedr01,,2017,2019
Draymond Green,g/greendr01,greendr01,draymond-green-1,2013,2019
Drew Eubanks,e/eubandr01,eubandr01,drew-eubanks-1,2019,2019
Drew Gooden,g/goodedr01,goodedr01,drew-gooden-1,2005,2016
Drew Gordon,g/gordodr01,gordodr01,drew-gordon-1,2015,2015
Duje Dukan,d/dukandu01,dukandu01,duje-dukan-1,2016,2016
Duncan Robinson,r/robindu01,robindu01,duncan-robinson-1,2019,2019
Dusty Hannahs,h/hannadu01,hannadu01,dusty-hannahs-1,2019,2019
Dwayne Bacon,b/bacondw01,bacondw01,dwayne-bacon-1,2018,2019
Dwayne Jones,j/jonesdw02,jonesdw02,dwayne-jones-1,2006,2010
Dwight Buycks,b/buyckdw01,buyckdw01,dwight-buycks-1,2014,2018
Dwight Howard,h/howardw01,howardw01,,2005,2019
Dwight Powell,p/poweldw01,poweldw01,dwight-powell-1,2015,2019
Dwyane Wade,w/wadedw01,wadedw01,dwyane-wade-1,2005,2019
Dzanan Musa,m/musadz01,musadz01,,2019,2019
E'Twaun Moore,m/mooreet01,mooreet01,etwaun-moore-1,2012,2019
Earl Barron,b/barroea01,barroea01,earl-barron-1,2006,2015
Earl Boykins,b/boykiea01,boykiea01,earl-boykins-1,2005,2012
Earl Clark,c/clarkea01,clarkea01,earl-clark-1,2010,2015
Earl Watson,w/watsoea01,watsoea01,earl-watson-1,2005,2014
Ed Davis,d/davised01,davised01,ed-davis-1,2011,2019
Eddie Basden,b/basdeed01,basdeed01,eddie-basden-1,2006,2006
Eddie Gill,g/gilled01,gilled01,eddie-gill-1,2005,2009
Eddie Griffin,g/griffed01,griffed01,eddie-griffin-1,2005,2007
Eddie House,h/houseed01,houseed01,eddie-house-1,2005,2011
Eddie Jones,j/jonesed02,jonesed02,eddie-jones-1,2005,2008
Eddy Curry,c/curryed01,curryed01,eddy-curry-1,2005,2013
Edmond Sumner,s/sumneed01,sumneed01,edmond-sumner-1,2018,2019
Eduardo Najera,n/najered01,najered01,eduardo-najera-1,2005,2012
Edwin Ubiles,u/ubileed01,ubileed01,edwin-ubiles-1,2012,2012
Edy Tavares,t/tavarwa01,tavarwa01,,2016,2017
Ekpe Udoh,u/udohek01,udohek01,ekpe-udoh-1,2011,2019
Elden Campbell,c/campbel01,campbel01,elden-campbell-1,2005,2005
Elfrid Payton,p/paytoel01,paytoel01,elfrid-payton-1,2015,2019
Elias Harris,h/harriel01,harriel01,elias-harris-1,2014,2014
Elie Okobo,o/okoboel01,okoboel01,,2019,2019
Elijah Millsap,m/millsel01,millsel01,elijah-millsap-1,2015,2017
Elliot Williams,w/williel01,williel01,elliot-williams-1,2012,2016
Elton Brand,b/brandel01,brandel01,elton-brand-1,2005,2016
Emanuel Terry,t/terryem01,terryem01,,2019,2019
Emeka Okafor,o/okafoem01,okafoem01,emeka-okafor-1,2005,2018
Emmanuel Mudiay,m/mudiaem01,mudiaem01,,2016,2019
Enes Kanter,k/kanteen01,kanteen01,,2012,2019
Eric Bledsoe,b/bledser01,bledser01,eric-bledsoe-1,2011,2019
Eric Dawson,d/dawsoer01,dawsoer01,,2012,2012
Eric Gordon,g/gordoer01,gordoer01,eric-gordon-1,2009,2019
Eric Maynor,m/maynoer01,maynoer01,eric-maynor-1,2010,2014
Eric Moreland,m/moreler01,moreler01,eric-moreland-1,2015,2019
Eric Piatkowski,p/piatker01,piatker01,eric-piatkowski-1,2005,2008
Eric Snow,s/snower01,snower01,eric-snow-1,2005,2008
Eric Williams,w/willier01,willier01,eric-williams-1,2005,2007
Erick Dampier,d/dampier01,dampier01,erick-dampier-1,2005,2012
Erick Green,g/greener01,greener01,erick-green-1,2015,2016
Erick Strickland,s/stricer01,stricer01,erick-strickland-1,2005,2005
Erik Daniels,d/danieer01,danieer01,erik-daniels-1,2005,2005
Erik McCree,m/mccreer01,mccreer01,erik-mccree-1,2018,2018
Erik Murphy,m/murpher01,murpher01,erik-murphy-1,2014,2014
Ersan Ilyasova,i/ilyaser01,ilyaser01,,2007,2019
Ervin Johnson,j/johnser02,johnser02,ervin-johnson-1,2005,2006
Esteban Batista,b/batises01,batises01,,2006,2007
Etan Thomas,t/thomaet01,thomaet01,etan-thomas-1,2005,2011
Eugene Jeter,j/jetereu01,jetereu01,pooh-jeter-1,2011,2011
Evan Fournier,f/fournev01,fournev01,,2013,2019
Evan Turner,t/turneev01,turneev01,evan-turner-1,2011,2019
Fab Melo,m/melofa01,melofa01,fab-melo-1,2013,2013
Fabricio Oberto,o/obertfa01,obertfa01,,2006,2011
Festus Ezeli,e/ezelife01,ezelife01,festus-ezeli-1,2013,2016
Francisco Elson,e/elsonfr01,elsonfr01,francisco-elson-1,2005,2012
Francisco Garcia,g/garcifr01,garcifr01,francisco-garcia-1,2006,2015
Frank Jackson,j/jacksfr01,jacksfr01,frank-kaminsky-1,2019,2019
Frank Kaminsky,k/kaminfr01,kaminfr01,frank-mason-1,2016,2019
Frank Mason,m/masonfr01,masonfr01,frank-mason-1,2018,2019
Frank Ntilikina,n/ntilila01,ntilila01,,2018,2019
Frank Williams,w/willifr02,willifr02,frank-williams-1,2005,2005
Fred Hoiberg,h/hoibefr01,hoibefr01,fred-hoiberg-1,2005,2005
Fred Jones,j/jonesfr01,jonesfr01,fred-jones-1,2005,2009
Fred VanVleet,v/vanvlfr01,vanvlfr01,fred-van-vleet-1,2017,2019
Furkan Aldemir,a/aldemfu01,aldemfu01,,2015,2015
Furkan Korkmaz,k/korkmfu01,korkmfu01,,2018,2019
Gabe Pruitt,p/pruitga01,pruitga01,gabe-pruitt-1,2008,2009
Gal Mekel,m/mekelga01,mekelga01,gal-mekel-1,2014,2015
Gani Lawal,l/lawalga01,lawalga01,gani-lawal-1,2011,2011
Garret Siler,s/silerga01,silerga01,,2011,2011
Garrett Temple,t/templga01,templga01,garrett-temple-1,2010,2019
Gary Clark,c/clarkga01,clarkga01,gary-clark-2,2019,2019
Gary Forbes,f/forbega01,forbega01,gary-forbes-1,2011,2012
Gary Harris,h/harriga01,harriga01,gary-harris-1,2015,2019
Gary Neal,n/nealga01,nealga01,gary-neal-1,2011,2017
Gary Payton,p/paytoga01,paytoga01,gary-payton-2,2005,2007
Gary Payton,p/paytoga02,paytoga02,gary-payton-1,2017,2019
Gary Trent,t/trentga02,trentga02,gary-trentjr-1,2019,2019
Geno Carlisle,c/carlige01,carlige01,geno-carlisle-1,2005,2005
George Hill,h/hillge01,hillge01,george-hill-1,2009,2019
George King,k/kingge03,kingge03,george-king-1,2019,2019
George Lynch,l/lynchge01,lynchge01,george-lynch-1,2005,2005
Georges Niang,n/niangge01,niangge01,georges-niang-1,2017,2019
Georgios Papagiannis,p/papagge01,papagge01,,2017,2018
Gerald Fitch,f/fitchge01,fitchge01,gerald-fitch-1,2006,2006
Gerald Green,g/greenge01,greenge01,,2006,2019
Gerald Henderson,h/hendege02,hendege02,gerald-henderson-2,2010,2017
Gerald Wallace,w/wallage01,wallage01,gerald-wallace-1,2005,2015
Gian Clavell,c/clavegi01,clavegi01,gian-clavell-1,2018,2018
Giannis Antetokounmpo,a/antetgi01,antetgi01,,2014,2019
Gilbert Arenas,a/arenagi01,arenagi01,gilbert-arenas-1,2005,2012
Glen Davis,d/davisgl01,davisgl01,glen-davis-1,2008,2015
Glen Rice,r/ricegl02,ricegl02,glen-rice-jr-1,2014,2015
Glenn Robinson,r/robingl01,robingl01,glenn-robinson-1,2005,2005
Glenn Robinson,r/robingl02,robingl02,glenn-robinson-2,2015,2019
Goran Dragic,d/dragigo01,dragigo01,,2009,2019
Gordan Giricek,g/giricgo01,giricgo01,,2005,2008
Gordon Hayward,h/haywago01,haywago01,gordon-hayward-1,2011,2019
Gorgui Dieng,d/dienggo01,dienggo01,gorgui-dieng-1,2014,2019
Grant Hill,h/hillgr01,hillgr01,grant-hill-1,2005,2013
Grant Jerrett,j/jerregr01,jerregr01,grant-jerrett-1,2015,2015
Grayson Allen,a/allengr01,allengr01,grayson-allen-1,2019,2019
Greg Buckner,b/buckngr01,buckngr01,greg-buckner-1,2005,2009
Greg Monroe,m/monrogr01,monrogr01,greg-monroe-1,2011,2019
Greg Oden,o/odengr01,odengr01,greg-oden-1,2009,2014
Greg Ostertag,o/ostergr01,ostergr01,greg-ostertag-1,2005,2006
Greg Smith,s/smithgr02,smithgr02,greg-smith-3,2012,2016
Greg Stiemsma,s/stiemgr01,stiemgr01,greg-stiemsma-1,2012,2015
Greivis Vasquez,v/vasqugr01,vasqugr01,greivis-vasquez-1,2011,2017
Guerschon Yabusele,y/yabusgu01,yabusgu01,,2018,2019
Guillermo Diaz,d/diazgu01,diazgu01,guillermo-diaz-1,2008,2008
Gustavo Ayon,a/ayongu01,ayongu01,,2012,2014
Ha Seung-Jin,s/seungha01,seungha01,,2005,2006
Hakim Warrick,w/warriha01,warriha01,hakim-warrick-1,2006,2013
Hamady N'Diaye,n/ndiayha01,ndiayha01,hamady-ndiaye-1,2011,2014
Hamed Haddadi,h/haddaha01,haddaha01,,2009,2013
Hamidou Diallo,d/diallha01,diallha01,hamidou-diallo-1,2019,2019
Harrison Barnes,b/barneha02,barneha02,harrison-barnes-1,2013,2019
Harry Giles,g/gilesha01,gilesha01,harry-giles-1,2019,2019
Hasheem Thabeet,t/thabeha01,thabeha01,hasheem-thabeet-1,2010,2014
Hassan Adams,a/adamsha01,adamsha01,hassan-adams-1,2007,2009
Hassan Whiteside,w/whiteha01,whiteha01,hassan-whiteside-1,2011,2019
Haywood Highsmith,h/highsha01,highsha01,,2019,2019
Hedo Turkoglu,t/turkohe01,turkohe01,,2005,2015
Henry Ellenson,e/ellenhe01,ellenhe01,henry-ellenson-1,2017,2019
Henry Sims,s/simshe01,simshe01,henry-sims-1,2013,2016
Henry Walker,w/walkebi01,walkebi01,bill-walker-1,2009,2015
Hilton Armstrong,a/armsthi01,armsthi01,hilton-armstrong-1,2007,2014
Hollis Thompson,t/thompho01,thompho01,hollis-thompson-1,2014,2017
Horace Jenkins,j/jenkiho01,jenkiho01,,2005,2005
Howard Eisley,e/eisleho01,eisleho01,howard-eisley-1,2005,2006
Ian Clark,c/clarkia01,clarkia01,ian-clark-1,2014,2019
Ian Mahinmi,m/mahinia01,mahinia01,,2008,2019
Ibo Kutluay,k/kutluib01,kutluib01,,2005,2005
Ike Anigbogu,a/anigbik01,anigbik01,ike-anigbogu-1,2018,2019
Ike Diogu,d/dioguik01,dioguik01,ike-diogu-1,2006,2012
Iman Shumpert,s/shumpim01,shumpim01,iman-shumpert-1,2012,2019
Ime Udoka,u/udokaim01,udokaim01,ime-udoka-1,2006,2011
Ira Newble,n/newblir01,newblir01,ira-newble-1,2005,2008
Isaac Bonga,b/bongais01,bongais01,,2019,2019
Isaac Humphries,h/humphis01,humphis01,isaac-humphries-1,2019,2019
Isaiah Briscoe,b/briscis01,briscis01,isaiah-briscoe-1,2019,2019
Isaiah Canaan,c/canaais01,canaais01,isaiah-canaan-1,2014,2019
Isaiah Hartenstein,h/harteis01,harteis01,,2019,2019
Isaiah Hicks,h/hicksis01,hicksis01,isaiah-hicks-1,2018,2019
Isaiah Taylor,t/taylois01,taylois01,isaiah-taylor-1,2017,2018
Isaiah Thomas,t/thomais02,thomais02,isaiah-thomas-1,2012,2019
Isaiah Whitehead,w/whiteis01,whiteis01,isaiah-whitehead-1,2017,2018
Ish Smith,s/smithis01,smithis01,ishmael-smith-1,2011,2019
Ivan Johnson,j/johnsiv01,johnsiv01,ivan-johnson-1,2012,2013
Ivan McFarlin,m/mcfariv01,mcfariv01,ivan-mcfarlin-1,2007,2007
Ivan Rabb,r/rabbiv01,rabbiv01,ivan-rabb-1,2018,2019
Ivica Zubac,z/zubaciv01,zubaciv01,,2017,2019
J.J. Barea,b/bareajo01,bareajo01,jose-barea-1,2007,2019
J.J. Hickson,h/hicksjj01,hicksjj01,jj-hickson-1,2009,2016
J.J. O'Brien,o/obriejj01,obriejj01,jj-obrien-1,2016,2016
J.J. Redick,r/redicjj01,redicjj01,jj-redick-1,2007,2019
J.P. Macura,m/macurjp01,macurjp01,jp-macura-1,2019,2019
J.R. Giddens,g/giddejr01,giddejr01,jr-giddens-1,2009,2010
J.R. Smith,s/smithjr01,smithjr01,,2005,2019
Jabari Bird,b/birdja01,birdja01,jabari-bird-1,2018,2018
Jabari Brown,b/brownja01,brownja01,jabari-brown-1,2015,2015
Jabari Parker,p/parkeja01,parkeja01,jabari-parker-1,2015,2019
Jabari Smith,s/smithja01,smithja01,jabari-smith-1,2005,2005
Jack Cooley,c/cooleja01,cooleja01,jack-cooley-1,2015,2018
Jackie Butler,b/butleja01,butleja01,,2005,2007
Jackson Vroman,v/vromaja01,vromaja01,jackson-vroman-1,2005,2006
Jacob Evans,e/evansja02,evansja02,jacob-evans-1,2019,2019
Jacob Pullen,p/pulleja01,pulleja01,jacob-pullen-1,2018,2018
Jacob Wiley,w/wileyja01,wileyja01,jacob-wiley-1,2018,2018
Jacque Vaughn,v/vaughja01,vaughja01,jacque-vaughn-1,2005,2009
Jae Crowder,c/crowdja01,crowdja01,jae-crowder-1,2013,2019
Jahidi White,w/whiteja01,whiteja01,jahidi-white-1,2005,2005
Jahlil Okafor,o/okafoja01,okafoja01,jahlil-okafor-1,2016,2019
JaJuan Johnson,j/johnsja02,johnsja02,jajuan-johnson-1,2012,2012
JaKarr Sampson,s/sampsja02,sampsja02,jakarr-sampson-1,2015,2019
Jake Layman,l/laymaja01,laymaja01,jake-layman-1,2017,2019
Jake Tsakalidis,t/tsakaja01,tsakaja01,,2005,2007
Jake Voskuhl,v/voskuja01,voskuja01,jake-voskuhl-1,2005,2009
Jakob Poeltl,p/poeltja01,poeltja01,jakob-poeltl-1,2017,2019
Jalen Brunson,b/brunsja01,brunsja01,jalen-brunson-1,2019,2019
Jalen Jones,j/jonesja04,jonesja04,jalen-jones-1,2018,2019
Jalen Rose,r/roseja01,roseja01,jalen-rose-1,2005,2007
Jamaal Franklin,f/frankja01,frankja01,jamaal-franklin-1,2014,2015
Jamaal Magloire,m/magloja01,magloja01,jamaal-magloire-1,2005,2012
Jamaal Tinsley,t/tinslja01,tinslja01,jamaal-tinsley-1,2005,2014
Jamal Crawford,c/crawfja01,crawfja01,jamal-crawford-1,2005,2019
Jamal Murray,m/murraja01,murraja01,jamal-murray-1,2017,2019
Jamal Sampson,s/sampsja01,sampsja01,jamal-sampson-1,2005,2007
Jamario Moon,m/moonja01,moonja01,,2008,2012
Jameel Warney,w/warneja01,warneja01,jameel-warney-1,2018,2018
Jameer Nelson,n/nelsoja01,nelsoja01,jameer-nelson-1,2005,2018
Jamel Artis,a/artisja01,artisja01,jamel-artis-1,2018,2018
James Anderson,a/anderja01,anderja01,james-anderson-3,2011,2016
James Augustine,a/augusja01,augusja01,james-augustine-1,2007,2008
James Ennis,e/ennisja01,ennisja01,james-ennis-1,2015,2019
James Harden,h/hardeja01,hardeja01,james-harden-1,2010,2019
James Johnson,j/johnsja01,johnsja01,james-johnson-2,2010,2019
James Jones,j/jonesja02,jonesja02,james-jones-1,2005,2017
James Lang,l/langja01,langja01,,2007,2007
James Michael McAdoo,m/mcadoja01,mcadoja01,james-michael-mcadoo-1,2015,2018
James Nunnally,n/nunnaja01,nunnaja01,james-nunnally-1,2014,2019
James Posey,p/poseyja01,poseyja01,james-posey-1,2005,2011
James Singleton,s/singlja01,singlja01,james-singleton-1,2006,2012
James Southerland,s/southja01,southja01,james-southerland-1,2014,2014
James Thomas,t/thomaja02,thomaja02,james-thomas-1,2005,2006
James Webb,w/webbja01,webbja01,james-webb-1,2018,2018
James White,w/whiteja02,whiteja02,james-white-1,2007,2013
James Young,y/youngja01,youngja01,james-young-1,2015,2018
JamesOn Curry,c/curryja01,curryja01,jameson-curry-1,2010,2010
Jamil Wilson,w/wilsoja02,wilsoja02,jamil-wilson-1,2018,2018
Jamison Brewer,b/breweja01,breweja01,jamison-brewer-1,2005,2005
JaMychal Green,g/greenja01,greenja01,jamychal-green-1,2015,2019
Jan Vesely,v/veselja01,veselja01,,2012,2014
Jannero Pargo,p/pargoja01,pargoja01,jannero-pargo-1,2005,2015
Jared Cunningham,c/cunnija01,cunnija01,jared-cunningham-2,2013,2016
Jared Dudley,d/dudleja01,dudleja01,jared-dudley-1,2008,2019
Jared Jeffries,j/jeffrja01,jeffrja01,jared-jeffries-1,2005,2013
Jared Reiner,r/reineja01,reineja01,jared-reiner-1,2005,2007
Jared Sullinger,s/sullija01,sullija01,jared-sullinger-1,2013,2017
Jared Terrell,t/terreja01,terreja01,jared-terrell-1,2019,2019
Jarell Eddie,e/eddieja01,eddieja01,jarell-eddie-1,2016,2018
Jarell Martin,m/martija01,martija01,jarell-martin-1,2016,2019
Jaren Jackson,j/jacksja02,jacksja02,jaren-jacksonjr-1,2019,2019
Jarnell Stokes,s/stokeja01,stokeja01,jarnell-stokes-1,2015,2017
Jaron Blossomgame,b/blossja01,blossja01,jaron-blossomgame-1,2019,2019
Jarred Vanderbilt,v/vandeja01,vandeja01,jarred-vanderbilt-1,2019,2019
Jarrett Allen,a/allenja01,allenja01,jarrett-allen-1,2018,2019
Jarrett Jack,j/jackja01,jackja01,jarrett-jack-1,2006,2018
Jarrod Uthoff,u/uthofja01,uthofja01,jarrod-uthoff-1,2017,2017
Jarron Collins,c/collija03,collija03,jarron-collins-1,2005,2011
Jarvis Hayes,h/hayesja01,hayesja01,jarvis-hayes-1,2005,2010
Jarvis Varnado,v/varnaja01,varnaja01,jarvis-varnado-1,2013,2014
Jason Collier,c/collija02,collija02,jason-collier-1,2005,2005
Jason Collins,c/collija04,collija04,jason-collins-1,2005,2014
Jason Hart,h/hartja01,hartja01,jason-hart-1,2005,2010
Jason Kapono,k/kaponja01,kaponja01,jason-kapono-1,2005,2012
Jason Kidd,k/kiddja01,kiddja01,jason-kidd-1,2005,2013
Jason Maxiell,m/maxieja01,maxieja01,jason-maxiell-1,2006,2015
Jason Richardson,r/richaja01,richaja01,jason-richardson-1,2005,2015
Jason Smith,s/smithja02,smithja02,jason-smith-1,2008,2019
Jason Terry,t/terryja01,terryja01,jason-terry-1,2005,2018
Jason Thompson,t/thompja02,thompja02,jason-thompson-1,2009,2016
Jason Williams,w/willija02,willija02,jason-williams-1,2005,2011
JaVale McGee,m/mcgeeja01,mcgeeja01,javale-mcgee-1,2009,2019
Javaris Crittenton,c/crittja01,crittja01,javaris-crittenton-1,2008,2009
Jawad Williams,w/willija04,willija04,jawad-williams-1,2009,2011
Jawun Evans,e/evansja01,evansja01,jawun-evans-1,2018,2019
Jaylen Adams,a/adamsja01,adamsja01,jaylen-adams-1,2019,2019
Jaylen Brown,b/brownja02,brownja02,jaylen-brown-1,2017,2019
Jaylen Morris,m/morrija01,morrija01,,2018,2019
Jayson Tatum,t/tatumja01,tatumja01,jayson-tatum-1,2018,2019
Jeff Adrien,a/adrieje01,adrieje01,jeff-adrien-1,2011,2015
Jeff Ayres,p/pendeje02,pendeje02,jeff-pendergraph-1,2010,2016
Jeff Foote,f/footeje01,footeje01,jeff-foote-1,2012,2012
Jeff Foster,f/fosteje01,fosteje01,jeff-foster-1,2005,2012
Jeff Green,g/greenje02,greenje02,jeff-green-1,2008,2019
Jeff McInnis,m/mcinnje01,mcinnje01,jeff-mcinnis-1,2005,2008
Jeff Teague,t/teaguje01,teaguje01,jeff-teague-1,2010,2019
Jeff Withey,w/witheje01,witheje01,jeff-withey-1,2014,2018
Jeffery Taylor,t/tayloje03,tayloje03,jeffery-taylor-1,2013,2015
Jelani McCoy,m/mccoyje01,mccoyje01,jelani-mccoy-1,2005,2008
Jemerrio Jones,j/jonesje01,jonesje01,jemerrio-jones-1,2019,2019
Jerami Grant,g/grantje01,grantje01,jerami-grant-1,2015,2019
Jerel McNeal,m/mcneaje01,mcneaje01,jerel-mcneal-1,2015,2015
Jeremy Evans,e/evansje01,evansje01,jeremy-evans-1,2011,2018
Jeremy Lamb,l/lambje01,lambje01,jeremy-lamb-1,2013,2019
Jeremy Lin,l/linje01,linje01,jeremy-lin-1,2011,2019
Jeremy Pargo,p/pargoje01,pargoje01,jeremy-pargo-1,2012,2013
Jeremy Richardson,r/richaje01,richaje01,,2007,2009
Jeremy Tyler,t/tylerje01,tylerje01,,2012,2014
Jerian Grant,g/grantje02,grantje02,jerian-grant-1,2016,2019
Jermaine Jackson,j/jacksje01,jacksje01,jermaine-jackson-1,2005,2006
Jermaine O'Neal,o/onealje01,onealje01,,2005,2014
Jermaine Taylor,t/tayloje02,tayloje02,jermaine-taylor-1,2010,2011
Jermareo Davidson,d/davidje01,davidje01,jermareo-davidson-1,2008,2009
Jerome Dyson,d/dysonje01,dysonje01,jerome-dyson-1,2012,2012
Jerome James,j/jamesje01,jamesje01,jerome-james-1,2005,2009
Jerome Jordan,j/jordaje01,jordaje01,jerome-jordan-1,2012,2015
Jerome Moiso,m/moisoje01,moisoje01,jerome-moiso-1,2005,2005
Jerome Robinson,r/robinje01,robinje01,jerome-robinson-2,2019,2019
Jerome Williams,w/willije01,willije01,jerome-williams-1,2005,2005
Jerrelle Benimon,b/benimje01,benimje01,jerrelle-benimon-1,2015,2015
Jerry Smith,s/smithje01,smithje01,jerry-smith-1,2012,2012
Jerry Stackhouse,s/stackje01,stackje01,jerry-stackhouse-1,2005,2013
Jerryd Bayless,b/bayleje01,bayleje01,jerryd-bayless-1,2009,2019
Jevon Carter,c/carteje01,carteje01,jevon-carter-1,2019,2019
Jim Jackson,j/jacksji01,jacksji01,jim-jackson-1,2005,2006
Jimmer Fredette,f/fredeji01,fredeji01,jimmer-fredette-1,2012,2019
Jimmy Butler,b/butleji01,butleji01,jimmy-butler-1,2012,2019
Jiri Welsch,w/welscji01,welscji01,,2005,2006
Joakim Noah,n/noahjo01,noahjo01,joakim-noah-1,2008,2019
Jodie Meeks,m/meeksjo01,meeksjo01,jodie-meeks-1,2010,2019
Joe Alexander,a/alexajo01,alexajo01,joe-alexander-1,2009,2010
Joe Chealey,c/chealjo01,chealjo01,joe-chealey-1,2019,2019
Joe Crawford,c/crawfjo01,crawfjo01,joe-crawford-1,2009,2009
Joe Harris,h/harrijo01,harrijo01,joe-harris--1,2015,2019
Joe Ingles,i/inglejo01,inglejo01,,2015,2019
Joe Johnson,j/johnsjo02,johnsjo02,joe-johnson-1,2005,2018
Joe Smith,s/smithjo02,smithjo02,joe-smith-1,2005,2011
Joe Young,y/youngjo01,youngjo01,joseph-young-1,2016,2018
Joel Anthony,a/anthojo01,anthojo01,joel-anthony-1,2008,2017
Joel Bolomboy,b/bolomjo01,bolomjo01,joel-bolomboy-1,2017,2018
Joel Embiid,e/embiijo01,embiijo01,joel-embiid-1,2017,2019
Joel Freeland,f/freeljo01,freeljo01,,2013,2015
Joel Przybilla,p/przybjo01,przybjo01,joel-przybilla-1,2005,2013
Joey Dorsey,d/dorsejo01,dorsejo01,joey-dorsey-1,2009,2015
Joey Graham,g/grahajo01,grahajo01,joey-graham-1,2006,2011
Joffrey Lauvergne,l/lauvejo01,lauvejo01,,2015,2018
Johan Petro,p/petrojo01,petrojo01,,2006,2013
John Collins,c/collijo01,collijo01,john-collins-1,2018,2019
John Edwards,e/edwarjo01,edwarjo01,john-edwards-1,2005,2006
John Henson,h/hensojo01,hensojo01,john-henson-1,2013,2019
John Holland,h/hollajo02,hollajo02,john-holland-1,2018,2019
John Jenkins,j/jenkijo01,jenkijo01,john-jenkins-1,2013,2019
John Lucas III,l/lucasjo02,lucasjo02,john-lucas-2,2006,2017
John Salmons,s/salmojo01,salmojo01,john-salmons-1,2005,2015
John Thomas,t/thomajo02,thomajo02,john-thomas-1,2005,2006
John Wall,w/walljo01,walljo01,john-wall-1,2011,2019
Johnathan Motley,m/motlejo01,motlejo01,johnathan-motley-1,2018,2019
Johnathan Williams,w/willijo04,willijo04,jonathan-williams-3,2019,2019
Johnny O'Bryant,o/obryajo01,obryajo01,johnny-obryant-1,2015,2018
Jon Barry,b/barryjo01,barryjo01,jon-barry-1,2005,2006
Jon Brockman,b/brockjo01,brockjo01,jon-brockman-1,2010,2012
Jon Leuer,l/leuerjo01,leuerjo01,jon-leuer-1,2012,2019
Jonah Bolden,b/boldejo01,boldejo01,jonah-bolden-1,2019,2019
Jonas Jerebko,j/jerebjo01,jerebjo01,,2010,2019
Jonas Valanciunas,v/valanjo01,valanjo01,,2013,2019
Jonathan Bender,b/bendejo01,bendejo01, ,2005,2010
Jonathan Gibson,g/gibsojo01,gibsojo01,jonathan-gibson-1,2017,2018
Jonathan Isaac,i/isaacjo01,isaacjo01,jonathan-isaac-1,2018,2019
Jonathon Simmons,s/simmojo02,simmojo02,jonathon-simmons-1,2016,2019
Jonny Flynn,f/flynnjo01,flynnjo01,jonny-flynn-1,2010,2012
Jordan Adams,a/adamsjo01,adamsjo01,jordan-adams-1,2015,2016
Jordan Bell,b/belljo01,belljo01,jordan-bell-1,2018,2019
Jordan Clarkson,c/clarkjo01,clarkjo01,jordan-clarkson-1,2015,2019
Jordan Crawford,c/crawfjo02,crawfjo02,jordan-crawford-1,2011,2018
Jordan Farmar,f/farmajo01,farmajo01,jordan-farmar-1,2007,2017
Jordan Hamilton,h/hamiljo02,hamiljo02,jordan-hamilton-2,2012,2016
Jordan Hill,h/hilljo01,hilljo01,jordan-hill-1,2010,2017
Jordan Loyd,l/loydjo01,loydjo01,jordan-loyd-1,2019,2019
Jordan McRae,m/mcraejo01,mcraejo01,jordan-mcrae-1,2016,2019
Jordan Mickey,m/mickejo01,mickejo01,jordan-mickey-1,2016,2018
Jordan Sibert,s/siberjo01,siberjo01,jordan-sibert-1,2019,2019
Jordan Williams,w/willijo03,willijo03,jordan-williams-1,2012,2012
Jorge Garbajosa,g/garbajo01,garbajo01,,2007,2008
Jorge Gutierrez,g/gutiejo01,gutiejo01,jorge-gutierrez-1,2014,2016
Jose Calderon,c/caldejo01,caldejo01,,2006,2019
Josh Akognon,a/akognjo01,akognjo01,josh-akognon-1,2013,2013
Josh Boone,b/boonejo01,boonejo01,josh-boone-1,2007,2010
Josh Childress,c/childjo01,childjo01,josh-childress-1,2005,2014
Josh Davis,d/davisjo02,davisjo02,josh-davis-1,2005,2012
Josh Gray,g/grayjo01,grayjo01,josh-gray-1,2018,2018
Josh Harrellson,h/harrejo01,harrejo01,josh-harrellson-1,2012,2014
Josh Hart,h/hartjo01,hartjo01,josh-hart-1,2018,2019
Josh Howard,h/howarjo01,howarjo01,josh-howard-1,2005,2013
Josh Huestis,h/huestjo01,huestjo01,josh-huestis-1,2016,2018
Josh Jackson,j/jacksjo02,jacksjo02,josh-jackson-2,2018,2019
Josh Magette,m/magetjo01,magetjo01,,2018,2018
Josh McRoberts,m/mcrobjo01,mcrobjo01,josh-mcroberts-1,2008,2018
Josh Okogie,o/okogijo01,okogijo01,josh-okogie-1,2019,2019
Josh Powell,p/poweljo01,poweljo01,josh-powell-1,2006,2014
Josh Richardson,r/richajo01,richajo01,josh-richardson-2,2016,2019
Josh Selby,s/selbyjo01,selbyjo01,josh-selby-1,2012,2013
Josh Smith,s/smithjo03,smithjo03,,2005,2018
Jrue Holiday,h/holidjr01,holidjr01,jrue-holiday-1,2010,2019
Juan Carlos Navarro,n/navarju01,navarju01,,2008,2008
Juan Dixon,d/dixonju01,dixonju01,juan-dixon-1,2005,2009
Juan Hernangomez,h/hernaju01,hernaju01,,2017,2019
Julian Washburn,w/washbju01,washbju01,julian-washburn-1,2019,2019
Julian Wright,w/wrighju01,wrighju01,julian-wright-1,2008,2011
Julius Hodge,h/hodgeju01,hodgeju01,julius-hodge-1,2006,2007
Julius Randle,r/randlju01,randlju01,julius-randle-1,2015,2019
Julyan Stone,s/stoneju01,stoneju01,julyan-stone-1,2012,2018
Jumaine Jones,j/jonesju01,jonesju01,jumaine-jones-1,2005,2007
Junior Harrington,h/harriju01,harriju01,,2005,2007
Justin Anderson,a/anderju01,anderju01,justin-anderson-1,2016,2019
Justin Dentmon,d/dentmju01,dentmju01,justin-dentmon-1,2012,2013
Justin Hamilton,h/hamilju01,hamilju01,justin-hamilton-2,2014,2017
Justin Harper,h/harpeju01,harpeju01,justin-harper-1,2012,2017
Justin Holiday,h/holidju01,holidju01,justin-holiday-1,2013,2019
Justin Jackson,j/jacksju01,jacksju01,justin-jackson-4,2018,2019
Justin Patton,p/pattoju01,pattoju01,justin-patton-1,2018,2019
Justin Reed,r/reedju01,reedju01,justin-reed-1,2005,2007
Justin Williams,w/williju01,williju01,justin-williams-1,2007,2008
Justise Winslow,w/winslju01,winslju01,justise-winslow-1,2016,2019
Jusuf Nurkic,n/nurkiju01,nurkiju01,,2015,2019
Juwan Howard,h/howarju01,howarju01,juwan-howard-1,2005,2013
K.J. McDaniels,m/mcdankj01,mcdankj01,kj-mcdaniels-1,2015,2017
Kadeem Allen,a/allenka01,allenka01,kadeem-allen-1,2018,2019
Kalin Lucas,l/lucaska01,lucaska01,kalin-lucas-1,2015,2019
Kaniel Dickens,d/dickeka01,dickeka01,kaniel-dickens-1,2005,2008
Kareem Rush,r/rushka01,rushka01,kareem-rush-1,2005,2010
Karl-Anthony Towns,t/townska01,townska01,karl-anthony-towns-1,2016,2019
Kasib Powell,p/powelka01,powelka01,kasib-powell-1,2008,2008
Kawhi Leonard,l/leonaka01,leonaka01,kawhi-leonard-1,2012,2019
Kay Felder,f/feldeka01,feldeka01,kahlil-felder-1,2017,2018
Kedrick Brown,b/brownke01,brownke01,kedrick-brown-1,2005,2005
Keita Bates-Diop,b/bateske01,bateske01,keita-bates-diop-1,2019,2019
Keith Appling,a/applike01,applike01,keith-appling-1,2016,2016
Keith Benson,b/bensoke02,bensoke02,keith-benson-1,2012,2012
Keith Bogans,b/boganke01,boganke01,keith-bogans-1,2005,2014
Keith Langford,l/langfke01,langfke01,keith-langford-1,2008,2008
Keith McLeod,m/mcleoke01,mcleoke01,keith-mcleod-1,2005,2007
Keith Van Horn,v/vanhoke01,vanhoke01,keith-van-horn-1,2005,2006
Kelenna Azubuike,a/azubuke01,azubuke01,kelenna-azubuike-1,2007,2012
Kelly Olynyk,o/olynyke01,olynyke01,kelly-olynyk-1,2014,2019
Kelly Oubre,o/oubreke01,oubreke01,kelly-oubre-1,2016,2019
Kelvin Cato,c/catoke01,catoke01,kelvin-cato-1,2005,2007
Kemba Walker,w/walkeke02,walkeke02,kemba-walker-1,2012,2019
Kendall Gill,g/gillke01,gillke01,kendall-gill-1,2005,2005
Kendall Marshall,m/marshke01,marshke01,kendall-marshall-1,2013,2016
Kendrick Perkins,p/perkike01,perkike01,,2005,2018
Kenneth Faried,f/farieke01,farieke01,kenneth-faried-1,2012,2019
Kenny Anderson,a/anderke01,anderke01,kenny-anderson-1,2005,2005
Kenny Thomas,t/thomake01,thomake01,kenny-thomas-1,2005,2010
Kenrich Williams,w/willike04,willike04,kenrich-williams-1,2019,2019
Kent Bazemore,b/bazemke01,bazemke01,kent-bazemore-1,2013,2019
Kentavious Caldwell-Pope,c/caldwke01,caldwke01,kentavious-caldwell-pope-1,2014,2019
Kenyon Martin,m/martike01,martike01,kenyon-martin-1,2005,2015
Kerry Kittles,k/kittlke01,kittlke01,kerry-kittles-1,2005,2005
Kevin Burleson,b/burleke01,burleke01,kevin-burleson-1,2006,2006
Kevin Durant,d/duranke01,duranke01,kevin-durant-1,2008,2019
Kevin Garnett,g/garneke01,garneke01,,2005,2016
Kevin Huerter,h/huertke01,huertke01,kevin-huerter-1,2019,2019
Kevin Jones,j/joneske01,joneske01,kevin-jones-5,2013,2013
Kevin Knox,k/knoxke01,knoxke01,kevin-knox-1,2019,2019
Kevin Love,l/loveke01,loveke01,kevin-love-1,2009,2019
Kevin Martin,m/martike02,martike02,kevin-martin-1,2005,2016
Kevin Murphy,m/murphke01,murphke01,kevin-murphy-1,2013,2013
Kevin Ollie,o/ollieke01,ollieke01,kevin-ollie-1,2005,2010
Kevin Seraphin,s/serapke01,serapke01,,2011,2017
Kevin Willis,w/willike02,willike02,kevin-willis-1,2005,2007
Kevinn Pinkney,p/pinknke01,pinknke01,kevinn-pinkney-1,2007,2007
Kevon Looney,l/looneke01,looneke01,kevon-looney-1,2016,2019
Keyon Dooling,d/doolike01,doolike01,keyon-dooling-1,2005,2013
Khem Birch,b/birchkh01,birchkh01,khem-birch-1,2018,2019
Khris Middleton,m/middlkh01,middlkh01,khris-middleton-1,2013,2019
Khyri Thomas,t/thomakh01,thomakh01,khyri-thomas-1,2019,2019
Kim English,e/engliki01,engliki01,kim-english-1,2013,2013
Kirk Hinrich,h/hinriki01,hinriki01,kirk-hinrich-1,2005,2016
Kirk Penney,p/penneki01,penneki01,kirk-penney-1,2005,2005
Kirk Snyder,s/snydeki01,snydeki01,kirk-snyder-1,2005,2008
Klay Thompson,t/thompkl01,thompkl01,klay-thompson-1,2012,2019
Kobe Bryant,b/bryanko01,bryanko01,,2005,2016
Kobi Simmons,s/simmoko01,simmoko01,kobi-simmons-1,2018,2019
Kosta Koufos,k/koufoko01,koufoko01,kosta-koufos-1,2009,2019
Kosta Perovic,p/perovko01,perovko01,,2008,2008
Kostas Antetokounmpo,a/antetko01,antetko01,kostas-antetokounmpo-1,2019,2019
Kostas Papanikolaou,p/papanko01,papanko01,,2015,2016
Kris Dunn,d/dunnkr01,dunnkr01,kris-dunn-1,2017,2019
Kris Humphries,h/humphkr01,humphkr01,kris-humphries-1,2005,2017
Kris Joseph,j/josepkr01,josepkr01,kris-joseph-1,2013,2013
Kristaps Porzingis,p/porzikr01,porzikr01,,2016,2018
Kurt Thomas,t/thomaku01,thomaku01,kurt-thomas-1,2005,2013
Kwame Brown,b/brownkw01,brownkw01,,2005,2013
Kyle Anderson,a/anderky01,anderky01,kyle-anderson-3,2015,2019
Kyle Collinsworth,c/colliky01,colliky01,kyle-collinsworth-1,2018,2018
Kyle Korver,k/korveky01,korveky01,kyle-korver-1,2005,2019
Kyle Kuzma,k/kuzmaky01,kuzmaky01,kyle-kuzma-1,2018,2019
Kyle Lowry,l/lowryky01,lowryky01,kyle-lowry-1,2007,2019
Kyle O'Quinn,o/oquinky01,oquinky01,kyle-oquinn-1,2013,2019
Kyle Singler,s/singlky01,singlky01,kyle-singler-1,2013,2018
Kyle Weaver,w/weaveky01,weaveky01,kyle-weaver-1,2009,2011
Kyle Wiltjer,w/wiltjky01,wiltjky01,kyle-wiltjer-1,2017,2017
Kyrie Irving,i/irvinky01,irvinky01,kyrie-irving-1,2012,2019
Kyrylo Fesenko,f/fesenky01,fesenky01,,2008,2012
Lamar Odom,o/odomla01,odomla01,lamar-odom-1,2005,2013
Lamar Patterson,p/pattela01,pattela01,lamar-patterson-1,2016,2017
LaMarcus Aldridge,a/aldrila01,aldrila01,lamarcus-aldridge-1,2007,2019
Lamond Murray,m/murrala01,murrala01,lamond-murray-1,2005,2006
Lance Allred,a/allrela01,allrela01,lance-allred-1,2008,2008
Lance Stephenson,s/stephla01,stephla01,lance-stephenson-1,2011,2019
Lance Thomas,t/thomala01,thomala01,lance-thomas-1,2012,2019
Landry Fields,f/fieldla01,fieldla01,landry-fields-1,2011,2015
Landry Shamet,s/shamela01,shamela01,landry-shamet-1,2019,2019
Langston Galloway,g/gallola01,gallola01,langston-galloway-1,2015,2019
Laron Profit,p/profila01,profila01,laron-profit-1,2005,2006
Larry Drew,d/drewla02,drewla02,larry-drew-2,2015,2018
Larry Hughes,h/hughela01,hughela01,larry-hughes-1,2005,2012
Larry Nance,n/nancela02,nancela02,larry-nance-2,2016,2019
Larry Owens,o/owensla01,owensla01,larry-owens-1,2011,2012
Larry Sanders,s/sandela01,sandela01,larry-sanders-1,2011,2017
Latrell Sprewell,s/sprewla01,sprewla01,latrell-sprewell-1,2005,2005
Lauri Markkanen,m/markkla01,markkla01,lauri-markkanen-1,2018,2019
Lavoy Allen,a/allenla01,allenla01,lavoy-allen-1,2012,2017
Lawrence Funderburke,f/fundela01,fundela01,lawrence-funderburke-1,2005,2005
Lawrence Roberts,r/roberla01,roberla01,lawrence-roberts-1,2006,2007
Lazar Hayward,h/haywala01,haywala01,lazar-hayward-1,2011,2013
Leandro Barbosa,b/barbole01,barbole01,,2005,2017
LeBron James,j/jamesle01,jamesle01,,2005,2019
Lee Nailon,n/nailole01,nailole01,lee-nailon-1,2005,2006
Leon Powe,p/powele01,powele01,leon-powe-1,2007,2011
Lester Hudson,h/hudsole01,hudsole01,lester-hudson-1,2010,2015
Linas Kleiza,k/kleizli01,kleizli01,linas-kleiza-1,2006,2013
Lindsey Hunter,h/hunteli01,hunteli01,lindsey-hunter-1,2005,2010
Linton Johnson,j/johnsli01,johnsli01,linton-johnson-1,2005,2009
Lionel Chalmers,c/chalmli01,chalmli01,lionel-chalmers-1,2005,2005
London Perrantes,p/perralo01,perralo01,london-perrantes-1,2018,2018
Lonnie Walker,w/walkelo01,walkelo01,lonnie-walker-2,2019,2019
Lonny Baxter,b/baxtelo01,baxtelo01,lonny-baxter-1,2005,2006
Lonzo Ball,b/balllo01,balllo01,lonzo-ball-1,2018,2019
Loren Woods,w/woodslo01,woodslo01,loren-woods-1,2005,2008
Lorenzen Wright,w/wrighlo02,wrighlo02,lorenzen-wright-1,2005,2009
Lorenzo Brown,b/brownlo01,brownlo01,lorenzo-brown-1,2014,2019
Lou Amundson,a/amundlo01,amundlo01,louis-amundson-1,2007,2016
Lou Williams,w/willilo02,willilo02,,2006,2019
Luc Mbah a Moute,m/mbahalu01,mbahalu01,luc-richard-mbah-a-moute-1,2009,2019
Lucas Nogueira,n/noguelu01,noguelu01,,2015,2018
Lucious Harris,h/harrilu01,harrilu01,lucious-harris-1,2005,2005
Luigi Datome,d/datomlu01,datomlu01,,2014,2015
Luis Flores,f/florelu01,florelu01,luis-flores-1,2005,2005
Luis Montero,m/montelu01,montelu01,,2016,2018
Luis Scola,s/scolalu01,scolalu01,,2008,2017
Luka Doncic,d/doncilu01,doncilu01,,2019,2019
Luke Babbitt,b/babbilu01,babbilu01,luke-babbitt-1,2011,2018
Luke Harangody,h/haranlu01,haranlu01,luke-harangody-1,2011,2012
Luke Jackson,j/jackslu02,jackslu02,luke-jackson-1,2005,2008
Luke Kennard,k/kennalu01,kennalu01,luke-kennard-1,2018,2019
Luke Kornet,k/kornelu01,kornelu01,luke-kornet-1,2018,2019
Luke Ridnour,r/ridnolu01,ridnolu01,luke-ridnour-1,2005,2015
Luke Schenscher,s/schenlu01,schenlu01,luke-schenscher-1,2006,2007
Luke Walton,w/waltolu01,waltolu01,luke-walton-1,2005,2013
Luke Zeller,z/zellelu01,zellelu01,luke-zeller-1,2013,2013
Luol Deng,d/denglu01,denglu01,luol-deng-1,2005,2019
Luther Head,h/headlu01,headlu01,luther-head-1,2006,2011
Lynn Greer,g/greerly01,greerly01,lynn-greer-1,2007,2007
Maalik Wayns,w/waynsma01,waynsma01,maalik-wayns-1,2013,2014
Maceo Baston,b/bastoma01,bastoma01,maceo-baston-1,2007,2009
Maciej Lampe,l/lampema01,lampema01,,2005,2006
Malachi Richardson,r/richama01,richama01,malachi-richardson-1,2017,2019
Malcolm Brogdon,b/brogdma01,brogdma01,malcolm-brogdon-1,2017,2019
Malcolm Delaney,d/delanma01,delanma01,malcolm-delaney-1,2017,2018
Malcolm Lee,l/leema01,leema01,malcolm-lee-1,2012,2015
Malcolm Miller,m/millema01,millema01,malcolm-miller-1,2018,2019
Malcolm Thomas,t/thomama01,thomama01,malcolm-thomas-2,2012,2015
Malik Allen,a/allenma01,allenma01,malik-allen-1,2005,2011
Malik Beasley,b/beaslma01,beaslma01,malik-beasley-1,2017,2019
Malik Hairston,h/hairsma01,hairsma01,malik-hairston-1,2009,2010
Malik Monk,m/monkma01,monkma01,malik-monk-1,2018,2019
Malik Rose,r/rosema01,rosema01,malik-rose-1,2005,2009
Mamadou N'Diaye,n/ndiayma02,ndiayma02,mamadou-ndiaye-1,2005,2005
Mangok Mathiang,m/mathima01,mathima01,mangok-mathiang-1,2018,2018
Manny Harris,h/harrima01,harrima01,manny-harris-1,2011,2017
Manu Ginobili,g/ginobma01,ginobma01,,2005,2018
Marc Gasol,g/gasolma01,gasolma01,,2009,2019
Marc Jackson,j/jacksma02,jacksma02,marc-jackson-1,2005,2007
Marcelo Huertas,h/huertma01,huertma01,,2016,2017
Marcin Gortat,g/gortama01,gortama01,,2008,2019
Marco Belinelli,b/belinma01,belinma01,,2008,2019
Marcus Banks,b/banksma01,banksma01,marcus-banks-1,2005,2011
Marcus Camby,c/cambyma01,cambyma01,marcus-camby-1,2005,2013
Marcus Cousin,c/cousima01,cousima01,marcus-cousin-1,2011,2011
Marcus Derrickson,d/derrima01,derrima01,marcus-derrickson-1,2019,2019
Marcus Fizer,f/fizerma01,fizerma01,marcus-fizer-1,2005,2006
Marcus Georges-Hunt,g/georgma01,georgma01,marcus-georges-hunt-1,2017,2018
Marcus Haislip,h/haislma01,haislma01,marcus-haislip-1,2005,2010
Marcus Landry,l/landrma01,landrma01,marcus-landry-1,2010,2010
Marcus Morris,m/morrima03,morrima03,marcus-morris-1,2012,2019
Marcus Paige,p/paigema01,paigema01,marcus-paige-1,2018,2018
Marcus Smart,s/smartma01,smartma01,marcus-smart-1,2015,2019
Marcus Thornton,t/thornma01,thornma01,marcus-thornton-1,2010,2017
Marcus Vinicius,v/vincima01,vincima01,,2007,2008
Marcus Williams,w/willima03,willima03,marcus-williams-1,2007,2010
Marcus Williams,w/willima04,willima04,marcus-williams-2,2008,2009
Mardy Collins,c/collima01,collima01,mardy-collins-1,2007,2010
Mario Chalmers,c/chalmma01,chalmma01,mario-chalmers-1,2009,2018
Mario Hezonja,h/hezonma01,hezonma01,,2016,2019
Mario Kasun,k/kasunma01,kasunma01,,2005,2006
Mario West,w/westma02,westma02,mario-west-1,2008,2011
Mark Blount,b/blounma01,blounma01,mark-blount-1,2005,2009
Mark Jones,j/jonesma03,jonesma03,mark-jones-2,2005,2005
Mark Madsen,m/madsema01,madsema01,mark-madsen-1,2005,2009
Mark Pope,p/popema01,popema01,mark-pope-1,2005,2005
Markel Brown,b/brownma02,brownma02,markel-brown-1,2015,2018
Markelle Fultz,f/fultzma01,fultzma01,markelle-fultz-1,2018,2019
Markieff Morris,m/morrima02,morrima02,markieff-morris-1,2012,2019
Marko Jaric,j/jaricma01,jaricma01,,2005,2009
Marquese Chriss,c/chrisma01,chrisma01,marquese-chriss-1,2017,2019
Marquis Daniels,d/daniema01,daniema01,marquis-daniels-1,2005,2013
Marquis Teague,t/teaguma01,teaguma01,marquis-teague-1,2013,2018
Marreese Speights,s/speigma01,speigma01,marreese-speights-1,2009,2018
Marshall Plumlee,p/plumlma02,plumlma02,marshall-plumlee-1,2017,2018
MarShon Brooks,b/brookma01,brookma01,marshon-brooks-1,2012,2019
Martell Webster,w/webstma02,webstma02,,2006,2015
Martynas Andriuskevicius,a/andrima01,andrima01,,2006,2006
Marvin Bagley,b/baglema01,baglema01,marvin-bagleyiii-1,2019,2019
Marvin Williams,w/willima02,willima02,marvin-williams-1,2006,2019
Mason Plumlee,p/plumlma01,plumlma01,mason-plumlee-1,2014,2019
Mateen Cleaves,c/cleavma01,cleavma01,mateen-cleaves-1,2005,2006
Matt Barnes,b/barnema02,barnema02,matt-barnes-1,2005,2017
Matt Bonner,b/bonnema01,bonnema01,matt-bonner-1,2005,2016
Matt Carroll,c/carroma01,carroma01,matt-carroll-1,2005,2013
Matt Costello,c/costema01,costema01,matt-costello-1,2018,2018
Matt Freije,f/freijma01,freijma01,matt-freije-1,2005,2007
Matt Harpring,h/harprma01,harprma01,matt-harpring-1,2005,2009
Matt Walsh,w/walshma01,walshma01,matt-walsh-1,2006,2006
Matt Williams,w/willima05,willima05,matt-williams-4,2018,2018
Matthew Dellavedova,d/dellama01,dellama01,matthew-dellavedova-1,2014,2019
Maurice Ager,a/agerma01,agerma01,maurice-ager-1,2007,2011
Maurice Baker,b/bakerma01,bakerma01,maurice-baker-1,2005,2005
Maurice Evans,e/evansma01,evansma01,maurice-evans-1,2005,2012
Maurice Harkless,h/harklma01,harklma01,maurice-harkless-1,2013,2019
Maurice Ndour,n/ndourma01,ndourma01,maurice-ndour-1,2017,2017
Maurice Taylor,t/tayloma01,tayloma01,maurice-taylor-1,2005,2007
Maxi Kleber,k/klebima01,klebima01,maxi-kleber-1,2018,2019
Mehmet Okur,o/okurme01,okurme01,,2005,2012
Melvin Ely,e/elyme01,elyme01,melvin-ely-1,2005,2014
Melvin Frazier,f/frazime01,frazime01,melvin-frazier-1,2019,2019
Melvin Sanders,s/sandeme01,sandeme01,melvin-sanders-1,2006,2006
Metta World Peace,a/artesro01,artesro01,ron-artest-1,2005,2017
Meyers Leonard,l/leoname01,leoname01,meyers-leonard-1,2013,2019
Michael Beasley,b/beaslmi01,beaslmi01,michael-beasley-1,2009,2019
Michael Bradley,b/bradlmi01,bradlmi01,michael-bradley-1,2005,2006
Michael Carter-Williams,c/cartemi01,cartemi01,michael-carter-williams-1,2014,2019
Michael Curry,c/currymi01,currymi01,michael-curry-1,2005,2005
Michael Doleac,d/doleami01,doleami01,michael-doleac-1,2005,2008
Michael Finley,f/finlemi01,finlemi01,michael-finley-1,2005,2010
Michael Gbinije,g/gbinimi01,gbinimi01,michael-gbinije-1,2017,2017
Michael Kidd-Gilchrist,k/kiddgmi01,kiddgmi01,michael-kidd-gilchrist-1,2013,2019
Michael Olowokandi,o/olowomi01,olowomi01,michael-olowokandi-1,2005,2007
Michael Redd,r/reddmi01,reddmi01,michael-redd-1,2005,2012
Michael Ruffin,r/ruffimi01,ruffimi01,michael-ruffin-1,2005,2009
Michael Stewart,s/stewami01,stewami01,michael-stewart-1,2005,2005
Mickael Gelabale,g/gelabmi01,gelabmi01,,2007,2013
Mickael Pietrus,p/pietrmi01,pietrmi01,,2005,2013
Mickell Gladness,g/gladnmi01,gladnmi01,mickell-gladness-1,2012,2012
Mikal Bridges,b/bridgmi01,bridgmi01,mikal-bridges-1,2019,2019
Mike Bibby,b/bibbymi01,bibbymi01,mike-bibby-1,2005,2012
Mike Conley,c/conlemi01,conlemi01,mike-conley-1,2008,2019
Mike Dunleavy,d/dunlemi02,dunlemi02,mike-dunleavy-2,2005,2017
Mike Hall,h/hallmi01,hallmi01,mike-hall-1,2007,2007
Mike Harris,h/harrimi01,harrimi01,mike-harris-1,2008,2014
Mike James,j/jamesmi01,jamesmi01,mike-james-1,2005,2014
Mike James,j/jamesmi02,jamesmi02,mike-james-2,2018,2018
Mike Miller,m/millemi01,millemi01,mike-miller-1,2005,2017
Mike Muscala,m/muscami01,muscami01,mike-muscala-1,2014,2019
Mike Scott,s/scottmi01,scottmi01,mike-scott-4,2013,2019
Mike Sweetney,s/sweetmi01,sweetmi01,mike-sweetney-1,2005,2007
Mike Taylor,t/taylomi01,taylomi01,mike-taylor-1,2009,2009
Mike Tobey,t/tobeymi01,tobeymi01,mike-tobey-1,2017,2017
Mike Wilks,w/wilksmi01,wilksmi01,mike-wilks-1,2005,2010
Mikki Moore,m/mooremi01,mooremi01,mikki-moore-1,2005,2012
Mile Ilic,i/ilicmi01,ilicmi01,,2007,2007
Miles Bridges,b/bridgmi02,bridgmi02,miles-bridges-1,2019,2019
Miles Plumlee,p/plumlmi01,plumlmi01,miles-plumlee-1,2013,2019
Milos Teodosic,t/teodomi01,teodomi01,,2018,2019
Milt Palacio,p/palacmi01,palacmi01,milt-palacio-1,2005,2006
Milton Doyle,d/doylemi01,doylemi01,milton-doyle-1,2018,2018
Mindaugas Kuzminskas,k/kuzmimi01,kuzmimi01,,2017,2018
Miroslav Raduljica,r/radulmi01,radulmi01,,2014,2015
Mirza Teletovic,t/teletmi01,teletmi01,,2013,2018
Mitch Creek,c/creekmi01,creekmi01,,2019,2019
Mitch McGary,m/mcgarmi01,mcgarmi01,mitch-mcgary-1,2015,2016
Mitchell Robinson,r/robinmi01,robinmi01,,2019,2019
Mo Williams,w/willima01,willima01,mo-williams-1,2005,2016
Mohamed Bamba,b/bambamo01,bambamo01,mohamed-bamba-1,2019,2019
Monta Ellis,e/ellismo01,ellismo01,,2006,2017
Monte Morris,m/morrimo01,morrimo01,monte-morris-1,2018,2019
Montrezl Harrell,h/harremo01,harremo01,montrezl-harrell-1,2016,2019
Moochie Norris,n/norrimo01,norrimo01,moochie-norris-1,2005,2006
Moritz Wagner,w/wagnemo01,wagnemo01,moritz-wagner-1,2019,2019
Morris Almond,a/almonmo01,almonmo01,morris-almond-1,2008,2012
Morris Peterson,p/petermo01,petermo01,morris-peterson-1,2005,2011
Mouhamed Sene,s/senesa01,senesa01,,2007,2009
Mustafa Shakur,s/shakumu01,shakumu01,mustafa-shakur-1,2011,2014
Mychel Thompson,t/thompmy02,thompmy02,mychel-thompson-1,2012,2012
Myke Henry,h/henrymy01,henrymy01,myke-henry-1,2018,2018
Myles Turner,t/turnemy01,turnemy01,myles-turner-1,2016,2019
Nando De Colo,d/decolna01,decolna01,,2013,2014
Nate Robinson,r/robinna01,robinna01,nate-robinson-1,2006,2016
Nate Wolters,w/woltena01,woltena01,nate-wolters-1,2014,2018
Nathan Jawai,j/jawaina01,jawaina01,,2009,2010
Naz Mitrou-Long,m/mitrona01,mitrona01,nazareth-mitrou-long-1,2018,2019
Nazr Mohammed,m/mohamna01,mohamna01,nazr-mohammed-1,2005,2016
Ndudi Ebi,e/ebind01,ebind01,,2005,2005
Nemanja Bjelica,b/bjeline01,bjeline01,,2016,2019
Nemanja Nedovic,n/nedovne01,nedovne01,,2014,2014
Nenad Krstic,k/krstine01,krstine01,,2005,2011
Nene Hilario,h/hilarne01,hilarne01,,2005,2019
Nerlens Noel,n/noelne01,noelne01,nerlens-noel-1,2015,2019
Nick Calathes,c/calatni01,calatni01,nick-calathes-1,2014,2015
Nick Collison,c/collini01,collini01,nick-collison-1,2005,2018
Nick Fazekas,f/fazekni01,fazekni01,nick-fazekas-1,2008,2008
Nick Johnson,j/johnsni01,johnsni01,nick-johnson-1,2015,2015
Nick Van Exel,v/vanexni01,vanexni01,nick-van-exel-1,2005,2006
Nick Young,y/youngni01,youngni01,nick-young-1,2008,2019
Nicolas Batum,b/batumni01,batumni01,,2009,2019
Nicolas Brussino,b/brussni01,brussni01,,2017,2018
Nicolas Laprovittola,l/laproni01,laproni01,,2017,2017
Nigel Hayes,h/hayesni01,hayesni01,nigel-hayes-1,2018,2018
Nik Stauskas,s/stausni01,stausni01,nik-stauskas-1,2015,2019
Nikola Jokic,j/jokicni01,jokicni01,,2016,2019
Nikola Mirotic,m/mirotni01,mirotni01,,2015,2019
Nikola Pekovic,p/pekovni01,pekovni01,,2011,2016
Nikola Vucevic,v/vucevni01,vucevni01,nikola-vucevic-1,2012,2019
Nikoloz Tskitishvili,t/tskitni01,tskitni01,,2005,2006
Noah Vonleh,v/vonleno01,vonleno01,noah-vonleh-1,2015,2019
Noel Felix,f/felixno01,felixno01,noel-felix-1,2006,2006
Nolan Smith,s/smithno01,smithno01,nolan-smith-1,2012,2013
Norman Powell,p/powelno01,powelno01,norman-powell-1,2016,2019
Norris Cole,c/coleno01,coleno01,norris-cole-1,2012,2017
O.J. Mayo,m/mayooj01,mayooj01,oj-mayo-1,2009,2016
Obinna Ekezie,e/ekeziob01,ekeziob01,obinna-ekezie-1,2005,2005
OG Anunoby,a/anunoog01,anunoog01,og-anunoby-1,2018,2019
Ognjen Kuzmic,k/kuzmiog01,kuzmiog01,,2014,2015
Okaro White,w/whiteok01,whiteok01,okaro-white-1,2017,2019
Oleksiy Pecherov,p/pecheol01,pecheol01,,2008,2010
Oliver Lafayette,l/lafayol01,lafayol01,oliver-lafayette-1,2010,2010
Omar Cook,c/cookom01,cookom01,omar-cook-1,2005,2005
Omari Johnson,j/johnsom01,johnsom01,omari-johnson-1,2018,2018
Omari Spellman,s/spellom01,spellom01,omari-spellman-1,2019,2019
Omer Asik,a/asikom01,asikom01,,2011,2018
Omri Casspi,c/casspom01,casspom01,,2010,2019
Orien Greene,g/greenor01,greenor01,orien-greene-1,2006,2011
Orlando Johnson,j/johnsor01,johnsor01,orlando-johnson-1,2013,2016
Othella Harrington,h/harriot01,harriot01,othella-harrington-1,2005,2008
Othello Hunter,h/hunteot01,hunteot01,othello-hunter-1,2009,2010
Othyus Jeffers,j/jeffeot01,jeffeot01,othyus-jeffers-1,2010,2014
Otto Porter,p/porteot01,porteot01,otto-porter-1,2014,2019
P.J. Brown,b/brownpj01,brownpj01,pj-brown-1,2005,2008
P.J. Hairston,h/hairspj02,hairspj02,pj-hairston-1,2015,2016
P.J. Tucker,t/tuckepj01,tuckepj01,pj-tucker-1,2007,2019
Pablo Prigioni,p/prigipa01,prigipa01,,2013,2016
Pape Sow,s/sowpa01,sowpa01,pape-sow-1,2005,2007
Pape Sy,s/sypa01,sypa01,,2011,2011
Pascal Siakam,s/siakapa01,siakapa01,pascal-siakam-1,2017,2019
Pat Burke,b/burkepa01,burkepa01,pat-burke-1,2006,2007
Pat Connaughton,c/connapa01,connapa01,pat-connaughton-1,2016,2019
Pat Garrity,g/garripa01,garripa01,pat-garrity-1,2005,2008
Patricio Garino,g/garinpa01,garinpa01,patricio-garino-1,2017,2017
Patrick Beverley,b/beverpa01,beverpa01,patrick-beverley-1,2013,2019
Patrick Christopher,c/chrispa01,chrispa01,patrick-christopher-1,2015,2015
Patrick Ewing,e/ewingpa02,ewingpa02,pat-ewing-1,2011,2011
Patrick McCaw,m/mccawpa01,mccawpa01,patrick-mccaw-1,2017,2019
Patrick O'Bryant,o/obryapa01,obryapa01,patrick-obryant-1,2007,2010
Patrick Patterson,p/pattepa01,pattepa01,patrick-patterson-1,2011,2019
Patty Mills,m/millspa02,millspa02,patrick-mills-1,2010,2019
Pau Gasol,g/gasolpa01,gasolpa01,,2005,2019
Paul Davis,d/davispa01,davispa01,paul-davis-1,2007,2010
Paul George,g/georgpa01,georgpa01,paul-george-1,2011,2019
Paul Millsap,m/millspa01,millspa01,paul-millsap-1,2007,2019
Paul Pierce,p/piercpa01,piercpa01,paul-pierce-1,2005,2017
Paul Shirley,s/shirlpa01,shirlpa01,paul-shirley-1,2005,2005
Paul Zipser,z/zipsepa01,zipsepa01,,2017,2018
Pavel Podkolzin,p/podkopa01,podkopa01,,2005,2006
Peja Stojakovic,s/stojape01,stojape01,,2005,2011
Pero Antic,a/anticpe01,anticpe01,,2014,2015
Perry Jones,j/jonespe01,jonespe01,perry-jones-1,2013,2015
Peter John Ramos,r/ramospe01,ramospe01,,2005,2005
Peyton Siva,s/sivape01,sivape01,peyton-siva-1,2014,2014
Phil Pressey,p/pressph01,pressph01,phil-pressey-1,2014,2016
Pierre Jackson,j/jackspi01,jackspi01,pierre-jackson-1,2017,2017
PJ Dozier,d/doziepj01,doziepj01,pj-dozier-1,2018,2019
Pops Mensah-Bonsu,m/mensapo01,mensapo01,pops-mensah-bonsu-1,2007,2011
Predrag Drobnjak,d/drobnpr01,drobnpr01,,2005,2005
Primoz Brezec,b/brezepr01,brezepr01,,2005,2010
Quentin Richardson,r/richaqu01,richaqu01,quentin-richardson-1,2005,2013
Quincy Acy,a/acyqu01,acyqu01,quincy-acy-1,2013,2019
Quincy Douby,d/doubyqu01,doubyqu01,quincy-douby-1,2007,2009
Quincy Miller,m/millequ01,millequ01,quincy-miller-1,2013,2015
Quincy Pondexter,p/pondequ01,pondequ01,quincy-pondexter-1,2011,2019
Quinn Cook,c/cookqu01,cookqu01,quinn-cook-1,2017,2019
Quinton Ross,r/rossqu01,rossqu01,quinton-ross-1,2005,2011
Qyntel Woods,w/woodsqy01,woodsqy01,,2005,2006
R.J. Hunter,h/hunterj01,hunterj01,rj-hunter-1,2016,2019
Raef LaFrentz,l/lafrera01,lafrera01,raef-lafrentz-1,2005,2008
Rafael Araujo,a/araujra01,araujra01,rafael-araujo-1,2005,2007
Rafer Alston,a/alstora01,alstora01,rafer-alston-1,2005,2010
Raja Bell,b/bellra01,bellra01,raja-bell-1,2005,2012
Rajon Rondo,r/rondora01,rondora01,rajon-rondo-1,2007,2019
Rakeem Christmas,c/chrisra01,chrisra01,rakeem-christmas-1,2016,2017
Ramon Sessions,s/sessira01,sessira01,ramon-sessions-1,2008,2018
Randolph Morris,m/morrira01,morrira01,randolph-morris-1,2007,2010
Randy Foye,f/foyera01,foyera01,randy-foye-1,2007,2017
Randy Holcomb,h/holcora01,holcora01,randy-holcomb-1,2006,2006
Randy Livingston,l/livinra01,livinra01,randy-livingston-1,2005,2007
Rashad McCants,m/mccanra01,mccanra01,rashad-mccants-1,2006,2009
Rashad Vaughn,v/vaughra01,vaughra01,rashad-vaughn-1,2016,2018
Rashard Lewis,l/lewisra02,lewisra02,,2005,2014
Rasheed Wallace,w/wallara01,wallara01,rasheed-wallace-1,2005,2013
Rasho Nesterovic,n/nestera01,nestera01,,2005,2010
Rasual Butler,b/butlera01,butlera01,rasual-butler-1,2005,2016
Raul Lopez,l/lopezra01,lopezra01,,2005,2005
Raul Neto,n/netora01,netora01,,2016,2019
Rawle Alkins,a/alkinra01,alkinra01,rawle-alkins-1,2019,2019
Rawle Marshall,m/marshra01,marshra01,rawle-marshall-1,2006,2007
Ray Allen,a/allenra02,allenra02,ray-allen-1,2005,2014
Ray McCallum,m/mccalra01,mccalra01,ray-mccallum-2,2014,2016
Ray Spalding,s/spaldra01,spaldra01,raymond-spalding-1,2019,2019
Raymond Felton,f/feltora01,feltora01,raymond-felton-1,2006,2019
Reece Gaines,g/gainere01,gainere01,reece-gaines-1,2005,2006
Reggie Bullock,b/bullore01,bullore01,reggie-bullock-2,2014,2019
Reggie Evans,e/evansre01,evansre01,reggie-evans-1,2005,2015
Reggie Hearn,h/hearnre01,hearnre01,reggie-hearn-1,2018,2018
Reggie Jackson,j/jacksre01,jacksre01,reggie-jackson-1,2012,2019
Reggie Miller,m/millere01,millere01,reggie-miller-1,2005,2005
Reggie Williams,w/willire02,willire02,reggie-williams-3,2010,2017
Renaldo Balkman,b/balkmre01,balkmre01,renaldo-balkman-1,2007,2012
Renaldo Major,m/majorre01,majorre01,renaldo-major-1,2007,2007
Richard Hamilton,h/hamilri01,hamilri01,richard-hamilton-1,2005,2013
Richard Jefferson,j/jefferi01,jefferi01,richard-jefferson-1,2005,2018
Richaun Holmes,h/holmeri01,holmeri01,richaun-holmes-1,2016,2019
Richie Frahm,f/frahmri01,frahmri01,richie-frahm-1,2005,2008
Rick Brunson,b/brunsri01,brunsri01,rick-brunson-1,2005,2006
Ricky Davis,d/davisri01,davisri01,ricky-davis-1,2005,2010
Ricky Ledo,l/ledori01,ledori01,,2014,2015
Ricky Rubio,r/rubiori01,rubiori01,,2012,2019
Rob Kurz,k/kurzro01,kurzro01,rob-kurz-1,2009,2009
Robbie Hummel,h/hummero01,hummero01,robbie-hummel-1,2014,2015
Robert Covington,c/covinro01,covinro01,robert-covington-1,2014,2019
Robert Hite,h/hitero01,hitero01,robert-hite-1,2007,2007
Robert Horry,h/horryro01,horryro01,robert-horry-1,2005,2008
Robert Sacre,s/sacrero01,sacrero01,robert-sacre-1,2013,2016
Robert Swift,s/swiftro01,swiftro01,robert-swift-1,2005,2009
Robert Traylor,t/traylro01,traylro01,robert-traylor-1,2005,2005
Robert Whaley,w/whalero01,whalero01,robert-whaley-1,2006,2006
Robert Williams,w/williro04,williro04,robert-williams-3,2019,2019
Robin Lopez,l/lopezro01,lopezro01,robin-lopez-1,2009,2019
Rod Strickland,s/stricro02,stricro02,rod-strickland-1,2005,2005
Rodions Kurucs,k/kurucro01,kurucro01,,2019,2019
Rodney Buford,b/buforro01,buforro01,rodney-buford-1,2005,2005
Rodney Carney,c/carnero01,carnero01,rodney-carney-1,2007,2011
Rodney Hood,h/hoodro01,hoodro01,rodney-hood-1,2015,2019
Rodney McGruder,m/mcgruro01,mcgruro01,rodney-mcgruder-1,2017,2019
Rodney Purvis,p/purviro01,purviro01,rodney-purvis-1,2018,2018
Rodney Rogers,r/rogerro01,rogerro01,rodney-rogers-1,2005,2005
Rodney Stuckey,s/stuckro01,stuckro01,rodney-stuckey-1,2008,2017
Rodney White,w/whitero02,whitero02,rodney-white-1,2005,2005
Rodrigue Beaubois,b/beaubro01,beaubro01,,2010,2013
Roger Mason,m/masonro01,masonro01,roger-mason-1,2007,2014
Roger Powell,p/powelro01,powelro01,roger-powell-1,2007,2007
Roko Ukic,u/ukicro01,ukicro01,,2009,2010
Ron Baker,b/bakerro01,bakerro01,ron-baker-1,2017,2019
Ron Mercer,m/mercero01,mercero01,ron-mercer-1,2005,2005
Ronald Dupree,d/duprero01,duprero01,ronald-dupree-1,2005,2011
Ronald Murray,m/murraro01,murraro01,ronald-murray-1,2005,2010
Rondae Hollis-Jefferson,h/holliro01,holliro01,rondae-hollis-jefferson-1,2016,2019
Ronnie Brewer,b/brewero02,brewero02,ronnie-brewer-1,2007,2014
Ronnie Price,p/pricero01,pricero01,ronnie-price-1,2006,2017
Ronny Turiaf,t/turiaro01,turiaro01,ronny-turiaf-1,2006,2015
Roy Hibbert,h/hibbero01,hibbero01,roy-hibbert-1,2009,2017
Royal Ivey,i/iveyro01,iveyro01,royal-ivey-1,2005,2014
Royce O'Neale,o/onealro01,onealro01,royce-oneale-1,2018,2019
Royce White,w/whitero03,whitero03,royce-white-1,2014,2014
Ruben Patterson,p/patteru01,patteru01,ruben-patterson-1,2005,2008
Rudy Fernandez,f/fernaru01,fernaru01,,2009,2012
Rudy Gay,g/gayru01,gayru01,rudy-gay-1,2007,2019
Rudy Gobert,g/goberru01,goberru01,,2014,2019
Russ Smith,s/smithru01,smithru01,russ-smith-1,2015,2016
Russell Westbrook,w/westbru01,westbru01,russell-westbrook-1,2009,2019
Ryan Anderson,a/anderry01,anderry01,ryan-anderson-1,2009,2019
Ryan Arcidiacono,a/arcidry01,arcidry01,ryan-arcidiacono-1,2018,2019
Ryan Bowen,b/bowenry01,bowenry01,ryan-bowen-1,2005,2010
Ryan Broekhoff,b/broekry01,broekry01,ryan-broekhoff-1,2019,2019
Ryan Gomes,g/gomesry01,gomesry01,ryan-gomes-1,2006,2014
Ryan Hollins,h/holliry01,holliry01,ryan-hollins-1,2007,2016
Ryan Humphrey,h/humphry01,humphry01,ryan-humphrey-1,2005,2005
Ryan Kelly,k/kellyry01,kellyry01,ryan-kelly-3,2014,2017
Ryan Reid,r/reidry01,reidry01,ryan-reid-1,2012,2012
Salah Mejri,m/mejrisa01,mejrisa01,,2016,2019
Salim Stoudamire,s/stoudsa01,stoudsa01,salim-stoudamire-1,2006,2008
Sam Cassell,c/cassesa01,cassesa01,sam-cassell-1,2005,2008
Sam Dekker,d/dekkesa01,dekkesa01,sam-dekker-1,2016,2019
Sam Young,y/youngsa01,youngsa01,sam-young-1,2010,2013
Samaki Walker,w/walkesa01,walkesa01,samaki-walker-1,2005,2006
Samardo Samuels,s/samuesa01,samuesa01,samardo-samuels-1,2011,2013
Samuel Dalembert,d/dalemsa01,dalemsa01,samuel-dalembert-1,2005,2015
Sarunas Jasikevicius,j/jasiksa01,jasiksa01,sarunas-jasikevicius-1,2006,2007
Sasha Kaun,k/kaunsa01,kaunsa01,sasha-kaun-1,2016,2016
Sasha Pavlovic,p/pavloal01,pavloal01,,2005,2013
Sasha Vujacic,v/vujacsa01,vujacsa01,,2005,2017
Scot Pollard,p/pollasc01,pollasc01,scot-pollard-1,2005,2008
Scott Machado,m/machasc01,machasc01,scott-machado-1,2013,2019
Scott Padgett,p/padgesc01,padgesc01,scott-padgett-1,2005,2007
Scott Williams,w/willisc01,willisc01,scott-williams-1,2005,2005
Scotty Hopson,h/hopsosc01,hopsosc01,scotty-hopson-1,2014,2018
Sean Kilpatrick,k/kilpase01,kilpase01,sean-kilpatrick-1,2015,2018
Sean Marks,m/marksse01,marksse01,sean-marks-1,2005,2011
Sean May,m/mayse01,mayse01,sean-may-1,2006,2010
Sean Singletary,s/singlse01,singlse01,sean-singletary-1,2009,2009
Sean Williams,w/willise01,willise01,sean-williams-1,2008,2012
Sebastian Telfair,t/telfase01,telfase01,,2005,2015
Semaj Christon,c/chrisse01,chrisse01,semaj-christon-1,2017,2017
Semi Ojeleye,o/ojelese01,ojelese01,semi-ojeleye-1,2018,2019
Semih Erden,e/erdense01,erdense01,,2011,2012
Serge Ibaka,i/ibakase01,ibakase01,,2010,2019
Sergei Monia,m/moniase01,moniase01,,2006,2006
Sergey Karasev,k/karasse01,karasse01,,2014,2016
Sergio Rodriguez,r/rodrise01,rodrise01,,2007,2017
Seth Curry,c/curryse01,curryse01,seth-curry-1,2014,2019
Shabazz Muhammad,m/muhamsh01,muhamsh01,shabazz-muhammad-1,2014,2018
Shabazz Napier,n/napiesh01,napiesh01,shabazz-napier-1,2015,2019
Shai Gilgeous-Alexander,g/gilgesh01,gilgesh01,shai-gilgeous-alexander-1,2019,2019
Shake Milton,m/miltosh01,miltosh01,malik-milton-1,2019,2019
Shammond Williams,w/willish01,willish01,shammond-williams-1,2007,2007
Shandon Anderson,a/andersh01,andersh01,shandon-anderson-1,2005,2006
Shane Battier,b/battish01,battish01,shane-battier-1,2005,2014
Shane Edwards,e/edwarsh01,edwarsh01,shane-edwards-1,2014,2014
Shane Larkin,l/larkish01,larkish01,shane-larkin-1,2014,2018
Shannon Brown,b/brownsh01,brownsh01,shannon-brown-1,2007,2015
Shaquille Harrison,h/harrish01,harrish01,shaquille-harrison-1,2018,2019
Shaquille O'Neal,o/onealsh01,onealsh01,shaquille-oneal-1,2005,2011
Shareef Abdur-Rahim,a/abdursh01,abdursh01,shareef-abdur-rahim-1,2005,2008
Sharrod Ford,f/fordsh02,fordsh02,sharrod-ford-1,2006,2006
Shaun Livingston,l/livinsh01,livinsh01,,2005,2019
Shavlik Randolph,r/randosh01,randosh01,shavlik-randolph-1,2006,2015
Shawn Bradley,b/bradlsh01,bradlsh01,shawn-bradley-1,2005,2005
Shawn Long,l/longsh01,longsh01,shawn-long-1,2017,2017
Shawn Marion,m/mariosh01,mariosh01,shawn-marion-1,2005,2015
Shawne Williams,w/willish03,willish03,shawne-williams-1,2007,2015
Shayne Whittington,w/whittsh01,whittsh01,shayne-whittington-1,2015,2016
Shelden Williams,w/willish02,willish02,shelden-williams-1,2007,2012
Sheldon Mac,m/mcclesh01,mcclesh01,sheldon-mcclellan-1,2017,2017
Shelvin Mack,m/macksh01,macksh01,shelvin-mack-1,2012,2019
Sherron Collins,c/collish01,collish01,sherron-collins-1,2011,2011
Sim Bhullar,b/bhullsi01,bhullsi01,sim-bhullar-1,2015,2015
Sindarius Thornwell,t/thornsi01,thornsi01,sindarius-thornwell-1,2018,2019
Skal Labissiere,l/labissk01,labissk01,skal-labissiere-1,2017,2019
Smush Parker,p/parkesm01,parkesm01,smush-parker-1,2005,2008
Solomon Alabi,a/alabiso01,alabiso01,solomon-alabi-1,2011,2012
Solomon Hill,h/hillso01,hillso01,solomon-hill-1,2014,2019
Solomon Jones,j/jonesso01,jonesso01,solomon-jones-1,2007,2014
Sonny Weems,w/weemsso01,weemsso01,sonny-weems-1,2009,2016
Speedy Claxton,c/claxtsp01,claxtsp01,speedy-claxton-1,2005,2009
Spencer Dinwiddie,d/dinwisp01,dinwisp01,spencer-dinwiddie-1,2015,2019
Spencer Hawes,h/hawessp01,hawessp01,spencer-hawes-1,2008,2017
Stacey Augmon,a/augmost01,augmost01,stacey-augmon-1,2005,2006
Stanislav Medvedenko,m/medvest01,medvest01,,2005,2007
Stanley Johnson,j/johnsst04,johnsst04,stanley-johnson-1,2016,2019
Stephane Lasme,l/lasmest01,lasmest01,stephane-lasme-1,2008,2008
Stephen Curry,c/curryst01,curryst01,stephen-curry-1,2010,2019
Stephen Graham,g/grahast01,grahast01,stephen-graham-1,2006,2011
Stephen Jackson,j/jacksst02,jacksst02,,2005,2014
Stephen Zimmerman,z/zimmest01,zimmest01,stephen-zimmermanjr-1,2017,2017
Stephon Marbury,m/marbust01,marbust01,stephon-marbury-1,2005,2009
Sterling Brown,b/brownst02,brownst02,sterling-brown-2,2018,2019
Steve Blake,b/blakest01,blakest01,steve-blake-1,2005,2016
Steve Francis,f/francst01,francst01,steve-francis-1,2005,2008
Steve Nash,n/nashst01,nashst01,steve-nash-1,2005,2014
Steve Novak,n/novakst01,novakst01,steve-novak-1,2007,2017
Steve Smith,s/smithst01,smithst01,steve-smith-1,2005,2005
Steven Adams,a/adamsst01,adamsst01,steven-adams-1,2014,2019
Steven Hill,h/hillst01,hillst01,steven-hill-1,2009,2009
Steven Hunter,h/huntest01,huntest01,steven-hunter-1,2005,2010
Steven Smith,s/smithst03,smithst03,steven-smith-1,2007,2007
Stromile Swift,s/swiftst01,swiftst01,stromile-swift-1,2005,2009
Sun Yue,y/yuesu01,yuesu01,,2009,2009
Sundiata Gaines,g/gainesu01,gainesu01,sundiata-gaines-1,2010,2012
Sviatoslav Mykhailiuk,m/mykhasv01,mykhasv01,sviatoslav-mykhailiuk-1,2019,2019
T.J. Ford,f/fordtj01,fordtj01,tj-ford-1,2006,2012
T.J. Leaf,l/leaftj01,leaftj01,tj-leaf-1,2018,2019
T.J. McConnell,m/mccontj01,mccontj01,tj-mcconnell-1,2016,2019
T.J. Warren,w/warretj01,warretj01,tj-warren-1,2015,2019
Tahjere McCall,m/mccalta01,mccalta01,tahjere-mccall-1,2019,2019
Taj Gibson,g/gibsota01,gibsota01,taj-gibson-1,2010,2019
Tamar Slay,s/slayta01,slayta01,tamar-slay-1,2005,2005
Tarence Kinsey,k/kinseta01,kinseta01,tarence-kinsey-1,2007,2009
Tarik Black,b/blackta01,blackta01,tarik-black-1,2015,2018
Taurean Green,g/greenta01,greenta01,taurean-green-1,2008,2008
Taurean Waller-Prince,p/princta02,princta02,taurean-prince-1,2017,2019
Taylor Griffin,g/griffta01,griffta01,taylor-griffin-1,2010,2010
Tayshaun Prince,p/princta01,princta01,tayshaun-prince-1,2005,2016
Terence Morris,m/morrite01,morrite01,terence-morris-1,2006,2006
Terrance Ferguson,f/fergute01,fergute01,,2018,2019
Terrel Harris,h/harrite01,harrite01,terrel-harris-1,2012,2013
Terrence Jones,j/joneste01,joneste01,terrence-jones-1,2013,2019
Terrence Ross,r/rosste01,rosste01,terrence-ross-1,2013,2019
Terrence Williams,w/willite01,willite01,terrence-williams-1,2010,2013
Terry Rozier,r/roziete01,roziete01,terry-rozier-1,2016,2019
Thabo Sefolosha,s/sefolth01,sefolth01,,2007,2019
Thaddeus Young,y/youngth01,youngth01,thaddeus-young-1,2008,2019
Thanasis Antetokounmpo,a/antetth01,antetth01,thanasis-antetokounmpo-1,2016,2016
Theo Pinson,p/pinsoth01,pinsoth01,theo-pinson-1,2019,2019
Theo Ratliff,r/ratlith01,ratlith01,theo-ratliff-1,2005,2011
Theron Smith,s/smithth01,smithth01,theron-smith-1,2005,2005
Thomas Bryant,b/bryanth01,bryanth01,thomas-bryant-1,2018,2019
Thomas Gardner,g/gardnth01,gardnth01,thomas-gardner-1,2008,2009
Thomas Robinson,r/robinth01,robinth01,thomas-robinson-2,2013,2017
Thomas Welsh,w/welshth01,welshth01,thomas-welsh-1,2019,2019
Thon Maker,m/makerth01,makerth01,,2017,2019
Tiago Splitter,s/splitti01,splitti01,,2011,2017
Tibor Pleiss,p/pleisti01,pleisti01,,2016,2016
Tierre Brown,b/brownti01,brownti01,tierre-brown-1,2005,2005
Tim Duncan,d/duncati01,duncati01,tim-duncan-1,2005,2016
Tim Frazier,f/fraziti01,fraziti01,tim-frazier-1,2015,2019
Tim Hardaway,h/hardati02,hardati02,tim-hardaway-jr-1,2014,2019
Tim Ohlbrecht,o/ohlbrti01,ohlbrti01,,2013,2013
Tim Quarterman,q/quartti01,quartti01,tim-quarterman-1,2017,2018
Tim Thomas,t/thomati01,thomati01,tim-thomas-1,2005,2010
Timofey Mozgov,m/mozgoti01,mozgoti01,,2011,2018
Timothe Luwawu-Cabarrot,l/luwawti01,luwawti01,,2017,2019
Tobias Harris,h/harrito02,harrito02,tobias-harris-1,2012,2019
Tom Gugliotta,g/guglito01,guglito01,tom-gugliotta-1,2005,2005
Tomas Satoransky,s/satorto01,satorto01,,2017,2019
Toney Douglas,d/douglto01,douglto01,toney-douglas-1,2010,2017
Toni Kukoc,k/kukocto01,kukocto01,,2005,2006
Tony Allen,a/allento01,allento01,tony-allen-1,2005,2018
Tony Battie,b/battito01,battito01,tony-battie-1,2005,2012
Tony Bobbitt,b/bobbito01,bobbito01,tony-bobbitt-1,2005,2005
Tony Bradley,b/bradlto01,bradlto01,tony-bradley-1,2018,2019
Tony Delk,d/delkto01,delkto01,tony-delk-1,2005,2006
Tony Massenburg,m/masseto01,masseto01,tony-massenburg-1,2005,2005
Tony Mitchell,m/mitchto02,mitchto02,tony-mitchell-4,2014,2014
Tony Mitchell,m/mitchto03,mitchto03,tony-mitchell-3,2014,2014
Tony Parker,p/parketo01,parketo01,,2005,2019
Tony Snell,s/snellto01,snellto01,tony-snell-1,2014,2019
Tony Wroten,w/wroteto01,wroteto01,tony-wroten-1,2013,2016
Tornike Shengelia,s/shengto01,shengto01,,2013,2014
Torraye Braggs,b/braggto01,braggto01,torraye-braggs-1,2005,2005
Torrey Craig,c/craigto01,craigto01,torrey-craig-1,2018,2019
Toure' Murry,m/murryto01,murryto01,toure-murry-1,2014,2015
Tracy McGrady,m/mcgratr01,mcgratr01,,2005,2012
Trae Young,y/youngtr01,youngtr01,trae-young-1,2019,2019
Travis Best,b/besttr01,besttr01,travis-best-1,2005,2005
Travis Diener,d/dienetr01,dienetr01,travis-diener-1,2006,2010
Travis Leslie,l/leslitr01,leslitr01,travis-leslie-1,2012,2012
Travis Outlaw,o/outlatr01,outlatr01,,2005,2014
Travis Wear,w/weartr01,weartr01,travis-wear-1,2015,2018
Tremaine Fowlkes,f/fowlktr01,fowlktr01,tremaine-fowlkes-1,2005,2005
Trenton Hassell,h/hassetr01,hassetr01,trenton-hassell-1,2005,2010
Treveon Graham,g/grahatr01,grahatr01,treveon-graham-1,2017,2019
Trevon Duval,d/duvaltr01,duvaltr01,trevon-duval-1,2019,2019
Trevor Ariza,a/arizatr01,arizatr01,trevor-ariza-1,2005,2019
Trevor Booker,b/booketr01,booketr01,trevor-booker-1,2011,2018
Trey Burke,b/burketr01,burketr01,trey-burke-1,2014,2019
Trey Gilder,g/gildetr01,gildetr01,trey-gilder-1,2010,2010
Trey Johnson,j/johnstr01,johnstr01,trey-johnson-1,2009,2012
Trey Lyles,l/lylestr01,lylestr01,trey-lyles-1,2016,2019
Trey McKinney-Jones,m/mckintr01,mckintr01,trey-mckinney-jones-1,2018,2018
Trey Thompkins,t/thomptr02,thomptr02,trey-thompkins-1,2012,2012
Tristan Thompson,t/thomptr01,thomptr01,tristan-thompson-1,2012,2019
Troy Brown,b/browntr01,browntr01,troy-brown-5,2019,2019
Troy Caupain,c/caupatr01,caupatr01,troy-caupain-1,2019,2019
Troy Daniels,d/danietr01,danietr01,troy-daniels-1,2014,2019
Troy Hudson,h/hudsotr01,hudsotr01,troy-hudson-1,2005,2008
Troy Murphy,m/murphtr01,murphtr01,troy-murphy-1,2005,2013
Troy Williams,w/willitr02,willitr02,troy-williams-2,2017,2019
Ty Lawson,l/lawsoty01,lawsoty01,ty-lawson-1,2010,2017
Tyler Cavanaugh,c/cavanty01,cavanty01,tyler-cavanaugh-1,2018,2019
Tyler Davis,d/davisty01,davisty01,tyler-davis-5,2019,2019
Tyler Dorsey,d/dorsety01,dorsety01,tyler-dorsey-1,2018,2019
Tyler Ennis,e/ennisty01,ennisty01,tyler-ennis-1,2015,2018
Tyler Hansbrough,h/hansbty01,hansbty01,tyler-hansbrough-1,2010,2016
Tyler Honeycutt,h/honeyty01,honeyty01,tyler-honeycutt-1,2012,2013
Tyler Johnson,j/johnsty01,johnsty01,tyler-johnson-2,2015,2019
Tyler Lydon,l/lydonty01,lydonty01,tyler-lydon-1,2018,2019
Tyler Ulis,u/ulisty01,ulisty01,tyler-ulis-1,2017,2019
Tyler Zeller,z/zellety01,zellety01,tyler-zeller-1,2013,2019
Tyreke Evans,e/evansty01,evansty01,tyreke-evans-1,2010,2019
Tyrone Wallace,w/wallaty01,wallaty01,tyrone-wallace-1,2018,2019
Tyronn Lue,l/luety01,luety01,tyronn-lue-1,2005,2009
Tyrus Thomas,t/thomaty01,thomaty01,tyrus-thomas-1,2007,2015
Tyshawn Taylor,t/tayloty01,tayloty01,tyshawn-taylor-1,2013,2014
Tyson Chandler,c/chandty01,chandty01,,2005,2019
Tyus Jones,j/jonesty01,jonesty01,tyus-jones-1,2016,2019
Udonis Haslem,h/hasleud01,hasleud01,udonis-haslem-1,2005,2019
Uros Slokar,s/slokaur01,slokaur01,,2007,2007
Vander Blue,b/blueva01,blueva01,vander-blue-1,2014,2018
Vassilis Spanoulis,s/spanova01,spanova01,,2007,2007
Vernon Macklin,m/macklve01,macklve01,vernon-macklin-1,2012,2012
Viacheslav Kravtsov,k/kravtvi01,kravtvi01,,2013,2014
Victor Claver,c/clavevi01,clavevi01,,2013,2015
Victor Oladipo,o/oladivi01,oladivi01,victor-oladipo-1,2014,2019
Viktor Khryapa,k/khryavi01,khryavi01,,2005,2008
Vin Baker,b/bakervi01,bakervi01,vin-baker-1,2005,2006
Vince Carter,c/cartevi01,cartevi01,vince-carter-1,2005,2019
Vince Edwards,e/edwarvi01,edwarvi01,vince-edwards-2,2019,2019
Vince Hunter,h/huntevi01,huntevi01,vince-hunter-1,2018,2018
Vitaly Potapenko,p/potapvi01,potapvi01,vitaly-potapenko-1,2005,2007
Vitor Faverani,f/favervi01,favervi01,,2014,2014
Vlade Divac,d/divacvl01,divacvl01,,2005,2005
Vladimir Radmanovic,r/radmavl01,radmavl01,,2005,2013
Von Wafer,w/wafervo01,wafervo01,von-wafer-1,2006,2012
Voshon Lenard,l/lenarvo01,lenarvo01,voshon-lenard-1,2005,2006
Wade Baldwin,b/baldwwa01,baldwwa01,wade-baldwin-1,2017,2019
Walker Russell,r/russewa02,russewa02,walker-russell-2,2012,2012
Wally Szczerbiak,s/szczewa02,szczewa02,wally-szczerbiak-1,2005,2009
Walt Lemon,l/lemonwa01,lemonwa01,walt-lemon--1,2018,2019
Walter Herrmann,h/herrmwa01,herrmwa01,,2007,2009
Walter McCarty,m/mccarwa01,mccarwa01,walter-mccarty-1,2005,2006
Walter Sharpe,s/sharpwa01,sharpwa01,walter-sharpe-1,2009,2009
Wang Zhizhi,z/zhizhwa01,zhizhwa01,,2005,2005
Wayne Ellington,e/ellinwa01,ellinwa01,wayne-ellington-1,2010,2019
Wayne Selden,s/seldewa01,seldewa01,wayne-selden-1,2017,2019
Wayne Simien,s/simiewa01,simiewa01,wayne-simien-1,2006,2007
Wendell Carter,c/cartewe01,cartewe01,wendell-carterjr-1,2019,2019
Wesley Iwundu,i/iwundwe01,iwundwe01,wesley-iwundu-1,2018,2019
Wesley Johnson,j/johnswe01,johnswe01,wes-johnson-1,2011,2019
Wesley Matthews,m/matthwe02,matthwe02,wesley-matthews-1,2010,2019
Wesley Person,p/persowe01,persowe01,wesley-person-1,2005,2005
Will Barton,b/bartowi01,bartowi01,will-barton-1,2013,2019
Will Blalock,b/blalowi01,blalowi01,will-blalock-1,2007,2007
Will Bynum,b/bynumwi01,bynumwi01,will-bynum-1,2006,2015
Will Cherry,c/cherrwi01,cherrwi01,will-cherry-1,2015,2015
Will Conroy,c/conrowi01,conrowi01,will-conroy-1,2007,2013
Will Solomon,s/solomwi01,solomwi01,will-solomon-1,2009,2009
Willie Cauley-Stein,c/caulewi01,caulewi01,willie-cauley-stein-1,2016,2019
Willie Green,g/greenwi01,greenwi01,willie-green-1,2005,2015
Willie Reed,r/reedwi02,reedwi02,willie-reed-1,2016,2018
Willie Warren,w/warrewi01,warrewi01,willie-warren-1,2011,2011
Willy Hernangomez,h/hernawi01,hernawi01,,2017,2019
Wilson Chandler,c/chandwi01,chandwi01,wilson-chandler-1,2008,2019
Xavier Henry,h/henryxa01,henryxa01,xavier-henry-1,2011,2015
Xavier Munford,m/munfoxa02,munfoxa02,xavier-munford-1,2016,2018
Xavier Rathan-Mayes,r/rathaxa01,rathaxa01,xavier-rathan-mayes-1,2018,2018
Xavier Silas,s/silasxa01,silasxa01,xavier-silas-1,2012,2018
Yakhouba Diawara,d/diawaya01,diawaya01,yakhouba-diawara-1,2007,2010
Yante Maten,m/matenya01,matenya01,yante-maten-1,2019,2019
Yao Ming,m/mingya01,mingya01,,2005,2011
Yaroslav Korolev,k/korolya01,korolya01,,2006,2007
Yi Jianlian,j/jianlyi01,jianlyi01,,2008,2012
Yogi Ferrell,f/ferreyo01,ferreyo01,kevin-ferrell-1,2017,2019
Yuta Tabuse,t/tabusyu01,tabusyu01,,2005,2005
Yuta Watanabe,w/watanyu01,watanyu01,yuta-watanabe-1,2019,2019
Zabian Dowdell,d/dowdeza01,dowdeza01,zabian-dowdell-1,2011,2011
Zach Collins,c/colliza01,colliza01,zach-collins-1,2018,2019
Zach LaVine,l/lavinza01,lavinza01,zach-lavine-1,2015,2019
Zach Lofton,l/loftoza01,loftoza01,zach-lofton-1,2019,2019
Zach Randolph,r/randoza01,randoza01,zach-randolph-1,2005,2018
Zarko Cabarkapa,c/cabarza01,cabarza01,,2005,2006
Zaza Pachulia,p/pachuza01,pachuza01,,2005,2019
Zeljko Rebraca,r/rebraze01,rebraze01,,2005,2006
Zendon Hamilton,h/hamilze01,hamilze01,zendon-hamilton-1,2005,2006
Zhaire Smith,s/smithzh01,smithzh01,zhaire-smith-1,2019,2019
Zhou Qi,q/qizh01,qizh01,,2018,2019
Zoran Dragic,d/dragizo01,dragizo01,,2015,2015
Zoran Planinic,p/planizo01,planizo01,,2005,2006
Zydrunas Ilgauskas,i/ilgauzy01,ilgauzy01,,2005,2011